QS_IOTABLE,Mode,Code,typedef enum,ItemAttr,InitValue,Mark,MinValue,Mark,MaxValue,UnitCO,Figure,SI,SIbar,Imperial,MKS,Maｒk,HelpSI,HelpImperial,11110,11120,11130,11140,11150,11160,11210,11220,11230,11310,11320,11330,11331,11340,11350,11360,11410,11420,11430,11440,11450,11460,11461,11470,11510,11520,11530,12110,12120,12130,12140,12210,12220,12221,12230,12310,13110,13120,13130,13140,13150,13200,13300,13400,13500,14110,14120,14130,14140,14150,14160,14200,14300,14400,14500,14600,15110,15111,15112,15113,15114,15115,15116,15117,15118,15119,15120,15121,15122,,ENG Info,ENG Info short,Lengs,ENG Help,JPN Info,JPN Short name ,Lengs,JPN Help,DEU Info,DEU Short name ,Lengs,DEU Help,FRA Info,FRA Short name ,Lengs,FRA Help,CHN Info,CHN Short name ,Lengs,CHN Help,CHN Trad Info,CHN Trad Short name ,Lengs,CHN Trad Help,KOR Info,KOR Short name ,Lengs,KOR Help,ESP Info,ESP Info short,Lengs,ESP Help,RUS Info,RUS Info short,Lengs,RUS Help,PORT Info,PORT Info short,Lengs,PORT Help,TURKISH Info,TURKISH Info Short,Lengs,TURKISH Help,POLISH Info,POLISH Info Short,Lengs,POLISH Help,ITAL Info,ITAL Info short,Lengs,ITAL Help,ESP EU Info,ESP EU Info short,Lengs,ESP EU Help,NHL Info,NHL Info short,Lengs,NHL Help,THAI Info,THAI Info short,Lengs,THAI Help
ALL,I,1,PipeGrade,2,1,,,,,,,7,7,4,0,-,,,3,3,3,3,3,3,0,0,0,3,3,0,0,0,0,0,0,0,0,0,0,0,0,3,0,0,0,0,0,0,0,3,3,3,3,0,3,3,3,3,3,0,0,0,3,3,3,3,3,3,3,0,0,0,0,0,0,0,0,0,0,0,0,0,0,0,0,0,0,,Pipe Grade,Pipe Grade,19,,配管種類,,,,Rohrleitungs-Norm,,,,Norme de tuyauterie,,19,,管材等级,,,,管材等級,,,,배관종류,,,,Grado de Tubería,Grado de Tubería,,,Класс трубопровода,,,,Norma do tubo,,,,Boru Normu,,,,Norma wykonania rurociągu,,,,Classe della tubazione,,,,Grado de tubería,,,,Leidingnorm,,,,คุณภาพท่อ,,,
ALL,I,2,PipeSize,2,6,,,,,,,-1,-1,-1,-1,-,,,0,0,0,3,3,3,0,0,0,3,3,0,0,0,0,0,0,0,0,0,0,0,0,3,0,0,0,0,0,0,0,0,0,0,0,0,0,0,3,3,3,0,0,0,3,0,0,3,3,3,3,0,0,0,0,0,0,0,0,0,0,0,0,0,0,0,0,0,0,,Pipe Size,Pipe Size,19,,配管呼径,,,,Nennweite,,,,Dimension de tuyauterie,,19,,管径,,,,管徑,,,,배관사이즈,,,,Tamaño de Tubería,Tam. de la Tubería,,,Диаметр трубопровода,,,,Diâmetro do tubo,,,,Boru Çapı,,,,Średnica rurociągu,,,,Dimensione della tubazione,,,,Tamaño de tubería,,,,Leidingmaat,,,,ขนาดท่อ,,,
ALL,I,78,InsType,2,1,,,,,,,-1,-1,-1,-1,-,,,0,0,0,0,0,0,0,0,0,3,3,0,0,0,0,0,0,0,0,0,0,0,0,3,0,0,0,0,0,0,0,0,0,0,0,0,0,0,0,0,0,0,0,0,3,0,0,0,0,0,0,0,0,0,0,0,0,0,0,0,0,0,0,0,0,0,0,0,0,,Insulation,Insulation,19,Values for thermal conductivity based on JIS.,保温材材質,,,熱伝導率はＪＩＳの値です。,Isoliermaterial,,,Die Werte für den Wärmeübergang basieren auf dem JIS-Standard,Isolation (calorifugeage),,19,Les coefficients de conductivité thermique sont basés sur les normes JIS.,保温,,,热导率值参照JIS标准。,保溫,,,熱導率值參照JIS標準。,보온재의 재질,,,열전도율은 JIS를 기준으로 합니다.,Aislamiento,Aislamiento,,Valores para conductividad térmica basados en la normativa JIS.,Изоляция,,,Значения теплопроводности в соответствии со стандартами JIS,Isolamento,,,Valores para condutividade térmica baseado na norma JIS.,Yalıtım,,,JIS normuna göre ısıl iletkenlik değerleri,Izolacja,,,Wartości dla współczynnika przewodzenia ciepła bazują na normach JIS.,Isolamento,,,Valori per la conduttività termica basati su JIS.,Aislamiento,,,Valores para conductividad térmica basados en la normativa JIS.,Isolatie,,,Waarde voor thermische geleiding gebaseerd op JIS.,ฉนวน,,,ค่าสัมประสิทธิ์การนำความร้อนอ้างอิงจาก JIS
LQD,I,106,LiquidName,2,1,,,,,,,-1,-1,-1,-1,-,,,0,0,0,0,0,0,0,0,0,0,0,3,3,0,0,0,0,0,0,0,0,0,0,0,0,0,0,0,0,3,0,0,0,0,0,0,0,0,0,0,0,0,0,0,0,0,0,0,0,0,0,0,0,0,0,0,0,0,0,0,0,0,0,0,0,0,0,0,0,,Liquid type,,19,,液体種類,,,,Art der Flüssigkeit,,,,Liquide,,19,,流体种类,,,,流體種類,,,,액체의 종류,,,,Tipo de liquido,,,,Тип среды,,,,Tipo de líquido,,,,Akışkan tipi,,,,Rodzaj cieczy,,,,Tipo di liquido,,,,Tipo de líquido,,,,Vloeistoftype,,,,ประเภทของเหลว,,,
ALL,I,3,PipeInDiam,1,,!,0,,,0200,,0,0,3,0,d,m,in,0,0,0,5,5,5,0,0,0,0,0,0,0,0,0,0,0,0,0,0,0,0,0,0,0,0,0,0,0,0,0,0,0,0,0,0,0,0,5,5,5,0,0,0,0,0,0,5,5,5,5,0,0,0,0,0,0,0,0,0,0,0,0,0,0,0,0,0,0,,Pipe Inner Diameter,Pipe Inner Diameter,19,,配管内径,,,,Rohrinnendurchmesser,,,,Diamètre interne de tuyauterie,,19,,管道内径,,,,管道內徑,,,,배관내경,,,,Diámetro Interno Tubería,Diam. Int. Tub.,,,Внутренний диаметр трубопровода,,,,Diâmetro interno do tubo,,,,Boru İç Çapı,,,,Średnica wewnętrzna rury,,,,Diametro interno della tubazione,,,,Diámetro interno de tubería,,,,Binnendiameter leiding,,,,เส้นผ่านศูนย์กลางด้านในท่อ,,,
LQD,I,19,Gravity,0,1,!,0,,,,3,-1,-1,-1,-1,SG,,,0,0,0,0,0,0,0,0,0,0,0,5,5,0,0,0,0,0,0,0,0,0,0,0,0,0,0,0,0,5,0,0,0,0,0,0,0,0,0,0,0,0,0,0,0,0,0,0,0,0,0,0,0,0,0,0,0,0,0,0,0,0,0,0,0,0,0,0,0,,Specific Gravity,Liquid Spec Gravity,19,,比重,,,,Spez. Gewicht Flüssigkeit,,,,Gravité spécifique du liquide,,19,,液体比重,,,,液體比重,,,,액체의 비중,,,,Gravedad Específica del Liquido,Gravedad Específica Liquido,,,Плотность,,,,Gravidade específica ,,,,Özgül Ağırlık,,,,Ciężar właściwy,,,,Gravità specifica,,,,Gravedad específica del líquido,,,,Soortelijk gewicht,,,,ความโน้มถ่วงจำเพาะ,,,
LQD,I,25,SpecHeat,0, 4.186,!,0,,,0500,3,0,0,2,1,c,kJ/kg K,BTU/lb F,0,0,0,0,0,0,0,0,0,0,0,5,5,0,0,0,0,0,0,0,0,0,0,0,0,0,0,0,0,5,0,0,0,0,0,0,0,0,0,0,0,0,0,0,0,0,0,0,0,0,0,0,0,0,0,0,0,0,0,0,0,0,0,0,0,0,0,0,0,,Specific Heat,Liquid Spec Heat ,19,,比熱,,,,Spez. Wärmekapazität Flüssigkeit,,,,Chaleur spécifique du liquide,,19,,液体比热,,,,液體比熱,,,,액체의 비열,,,,Calor Específico del Liquido,Calor Esp. Liquido,,,Теплосодержание,,,,Calor específico,,,,Özgül Isı,,,,Ciepło właściwe,,,,Calore specifico,,,,Calor específico del líquido,,,,Soortelijke warmte,,,,ความร้อนจำเพาะ,,,
GAS,I,4,AirPress,0,101.325,!,0,=,22064,0900,,7,9,8,10,Pa,kPa abs,psia,0,0,0,0,0,0,0,0,0,0,0,0,0,0,0,0,0,0,0,0,0,0,0,0,0,0,0,0,0,0,0,0,0,0,0,0,0,0,0,0,0,0,0,0,0,3,3,3,0,3,3,0,0,0,7,0,0,0,0,0,0,0,0,0,0,0,0,0,0,,Air Pressure,,,,空気圧力,,,,Luftdruck,,,,Pression de l'air,,,,空气压力,,,,空氣壓力,,,,에어의 압력,,,,Presión del Aire,,,,Давление воздуха,,,,Pressão do ar,,,,Hava Basıncı,,,,Ciśnienie powietrza,,,,Pressione dell'aria,,,,Presión del aire,,,,Luchtdruk,,,,ความดันอากาศ,,,
GAS,I,5,AirTemp,0,,!,-273.15,!,100,0100,,0,0,1,0,Ta,°C,°F,0,0,0,0,0,0,0,0,0,0,0,0,0,0,0,0,0,0,0,0,0,0,0,0,0,0,0,0,0,0,0,0,0,0,0,0,0,0,0,0,0,0,0,0,0,3,3,3,0,3,3,3,3,7,0,7,0,0,0,0,0,0,0,0,0,0,0,0,0,,Air Temperature,Air Temperature,19,,空気温度,,,,Lufttemperatur,,,,Température d'air,,19,,空气温度,,,,空氣溫度,,,,에어온도,,,,Temperatura del Aire,Temp. Aire,,,Температура воздуха,,,,Temperatura do ar,,,,Hava Sıcaklığı,,,,Temperatura powietrza,,,,Temperatura dell'aria,,,,Temperatura del aire,,,,Luchttemperatuur,,,,อุณหภูมิอากาศ,,,
GAS,I,6,GasPress,0,101.325,!,0,=,22064,0900,,7,9,8,10,Pg,kPa abs,psia,0,0,0,0,0,0,0,0,0,0,0,0,0,0,0,0,0,0,0,0,0,0,0,0,0,0,0,0,0,0,0,0,0,0,0,0,0,0,0,0,0,0,0,0,0,0,0,0,3,0,0,0,0,0,0,0,0,0,0,0,0,0,0,0,0,0,0,0,0,,Gas Pressure,Gas Pressure,19,,ガス圧力,,,,Gasdruck,,,,Pression du gaz,,19,,气体压力,,,,氣體壓力,,,,가스압력,,,,Presión del Gas,Pres. Gas,,,Давление газа,,,,Pressão do  gás ,,,,Gaz Basıncı,,,,Ciśnienie gazu,,,,Pressione del gas,,,,Presión del gas,,,,Gasdruk,,,,ความดันแก๊ส,,,
GAS,I,7,GasTemp,0,,!,-273.15,,,0100,,0,0,1,0,Tg,°C,°F,0,0,0,0,0,0,0,0,0,0,0,0,0,0,0,0,0,0,0,0,0,0,0,0,0,0,0,0,0,0,0,0,0,0,0,0,0,0,0,0,0,0,0,0,0,0,0,0,3,0,0,0,0,0,0,0,0,0,0,0,0,0,0,0,0,0,0,0,0,,Gas Temperature,Gas Temperature,19,,ガス温度,,,,Gastemperatur,,,,Température du gaz,,19,,气体温度,,,,氣體溫度,,,,가스온도,,,,Temperatura del Gas,Temp. Gas,,,Температура газа,,,,Temperatura do gás,,,,Gaz Sıcaklık,,,,Temperatura gazu,,,,Temperatura del gas,,,,Temperatura del gas,,,,Gastemperatuur,,,,อุณหภูมิแก๊ส,,,
GAS,I,8,GasFlowRate,0,,!,0,,,1400,,0,0,3,0,Qg,m³/min,CFM,0,0,0,0,0,0,0,0,0,0,0,0,0,0,0,0,0,0,0,0,0,0,0,0,0,0,0,0,0,0,0,0,0,0,0,0,0,0,0,0,0,0,0,0,0,0,0,0,3,0,0,0,0,0,0,0,0,0,0,0,0,0,0,0,0,0,0,0,0,,Gas Flow Rate,Gas Flow Rate,19,,ガス流量,,,,Gasdurchsatz,,,,Débit du gaz,,19,,气体流量,,,,氣體流量,,,,가스유량,,,,Rango de Flujo del Gas,Rango de Flujo del Gas,,,Расход газа,,,,Vazão do gás ,,,,Gaz Akış Oranı,,,,Przepływ gazu,,,,Portata del gas,,,,Flujo del gas,,,,Gasdebiet,,,,อัตราการไหลของแก๊ส,,,
GAS,I,9,AirPrimPress,0,101.325,!,0,=,22064,0900,,7,9,8,10,p1,kPa abs,psia,0,0,0,0,0,0,0,0,0,0,0,0,0,0,0,0,0,0,0,0,0,0,0,0,0,0,0,0,0,0,0,0,0,0,0,0,0,0,0,0,0,0,0,0,0,0,0,0,0,0,0,7,7,7,0,0,0,0,0,0,0,0,0,0,0,0,0,0,0,,Primary Pressure,Primary Pressure,19,,一次側圧力,,,,Vordruck,,,,Pression primaire,,19,,一次压力,,,,一次壓力,,,,일차측 압력,,,,Presión Primaria,Pres. Primaria,,,Давление на входе,,,,Pressão primária ,,,,Birincil Basınç ,,,,Ciśnienie wejściowe,,,,Pressione primaria,,,,Presión primaria,,,,Primaire druk,,,,ความดันขั้นแรก,,,
GAS,I,10,AirSecondPress,0,101.325,!,0,=,22064,0900,,7,9,8,10,p2,kPa abs,psia,0,0,0,0,0,0,0,0,0,0,0,0,0,0,0,0,0,0,0,0,0,0,0,0,0,0,0,0,0,0,0,0,0,0,0,0,0,0,0,0,0,0,0,0,0,0,0,0,0,0,0,7,7,7,0,0,0,0,0,0,0,0,0,0,0,0,0,0,0,,Secondary Pressure,Secondary Pressure,19,,二次側圧力,,,,Gegendruck,,,,Pression secondaire,,19,,二次压力,,,,二次壓力,,,,이차측 압력,,,,Presión Secundaria,Pres. Secundaria,,,Давление на выходе,,,,Pressão secundária,,,,İkincil Basınç,,,,Ciśnienie wyjściowe,,,,Pressione secondaria,,,,Presión secundaria,,,,Secundaire druk,,,,ความดันขั้นที่สอง,,,
GAS,I,11,AirVelo,0,,!,0,,,1200,,0,0,3,0,v,m/s,ft/s,0,0,0,0,0,0,0,0,0,0,0,0,0,0,0,0,0,0,0,0,0,0,0,0,0,0,0,0,0,0,0,0,0,0,0,0,0,0,0,0,0,0,0,0,0,0,0,0,0,0,7,0,0,0,0,0,0,0,0,0,0,0,0,0,0,0,0,0,0,,Air Velocity,Air Velocity,19,,空気流速,,,,Luftgeschwindigkeit,,,,Vitesse de l'air,,19,,空气流速,,,,空氣流速,,,,에어유속,,,,Velocidad del Aire,Vel. Aire,,,Скорость воздуха,,,,Velocidade do ar,,,,Hava Hızı,,,,Prędkość powietrza,,,,Velocità dell'aria,,,,Velocidad del aire,,,,Luchtsnelheid,,,,ความเร็วของอากาศ,,,
GAS,I,12,Molecular,0,1,!,0,,,,,-1,-1,-1,-1,M,,,0,0,0,0,0,0,0,0,0,0,0,0,0,0,0,0,0,0,0,0,0,0,0,0,0,0,0,0,0,0,0,0,0,0,0,0,0,0,0,0,0,0,0,0,0,0,0,0,3,0,0,0,0,0,0,0,0,0,0,0,0,0,0,0,0,0,0,0,0,,Gas Molecular Weight,Gas Molecular Wt,19,,ガス分子量,,,,Molekulargewicht Gas,,,,Poids moléculaire du gaz,,19,,气体分子量,,,,氣體分子量,,,,가스의 분자량,,,,Peso Molecular del Gas,Peso Molecular del Gas,,,Газовый молекулярный вес газа,,,,Peso molecular do gás,,,,Gaz Moleküler Ağırlığı,,,,Masa cząsteczkowa gazu,,,,Peso molecolare dell'aria,,,Il peso molecolare è il numero di molecole in una sostanza chimica,Peso molecular del gas,,,,Gasmolecuulgewicht,,,Het molecuulgewicht is het aantal moleculen in een chemische substantie.,น้ำหนักโมเลกุลของแก๊ส,,,น้ำหนักโมเลกุล คือ จำนวนโมเลกุลในสารเคมี
GAS,I,13,GasVisco,0,,!,0,,,1300,,0,0,4,2,Vi,mPa s,lbf s/in²,0,0,0,0,0,0,0,0,0,0,0,0,0,0,0,0,0,0,0,0,0,0,0,0,0,0,0,0,0,0,0,0,0,0,0,0,0,0,0,0,0,0,0,0,0,0,0,0,3,0,0,0,0,0,0,0,0,0,0,0,0,0,0,0,0,0,0,0,0,,Gas Viscosity,Gas Viscosity,19,,ガス粘度,,,,Viskosität Gas,,,,Viscosité du gaz,,19,,气体粘度,,,,氣體粘度,,,,가스의 점도,,,,Viscosidad del Gas,Viscosidad del Gas,,,Вязкость газа,,,,Viscosidade do gás,,,,Gaz Viskozitesi,,,,Lepkość gazu,,,,Viscosità del gas,,,,Viscosidad del gas,,,,Gasviscositeit,,,,ความหนืดของแก๊ส,,,
ALL,I,14,Relative,0,,!,0,=,100,2500,,0,0,0,0,Φ,%,%,0,0,0,0,0,0,0,0,0,0,0,0,0,0,0,0,0,0,0,0,0,0,0,0,0,0,0,0,0,0,0,0,0,0,0,0,0,0,0,0,0,0,0,0,3,0,0,0,0,0,0,0,0,0,7,0,0,0,0,0,0,0,0,0,0,0,0,0,0,,Relative Humidity,Relative Humidity,19,Relative humidity is the ratio of the actual vapor pressure to the pressure of saturated vapor at the prevailing dry-bulb temperature.,相対湿度,,,相対湿度とは、空気中の水蒸気量と飽和水蒸気量との比を％で表した値です。,Relative Feuchte,,,Die relative Luftfeuchte ist das Verhältnis des in der feuchten Luft vorhandenen Wasserdampfteildruckes zu dem bei gleicher Temperatur bei Sättigung vorhandenen Luftteildruckes.,Humidité relative,,19,L'humidité relative est la ratio entre la pression actuelle de la vapeur d'eau et celle de la vapeur d'eau saturée à la température courante,相对湿度,,,相对湿度指空气中水汽压与饱和水汽压的百分比。,相對濕度,,,相對濕度指空氣中水汽壓與飽和水汽壓的百分比。,상대습도,,,상대습도는 공기중의 수분량과 포화수증기량의 비를 ％로 표시한 것 입니다.,Húmedad Relativa,Húmedad Relativa,,La húmedad relativa es la relación de la presión de vapor real a la presión del vapor saturado a la prevaleciente temperatura de bulbo seco.,Относительная влажность,,,Относительная влажность - это отношение фактического влагосодержания к максимально возможной при данной температуре сухого термометра,Umidade relativa ,,,Umidade Relativa é a relação entre a pressão de vapor efetiva para a pressão de vapor saturado à temperatura que prevalesce no bulbo seco.,Bağıl Nem,,,"Bağıl Nem , geçerli olan kuru termometre sıcaklığında gerçek buhar basıncının doymuş buhar basıncına oranıdır.",Wilgotność względna,,,Wilgotność względna jest stosunkiem  ciśnienia pary wodnej w powietrzu do ciśnienia pary nasyconej w tej samej temperaturze.,Umidità relativa,,,L'umidità relativa è il rapporto tra la pressione di vapore effettiva e la  pressione del vapore di saturazione alla massima temperatura di bulbo-secco,Humedad relativa,,,La humedad relativa es la relación de la presión de vapor real con la presión del vapor saturado a la temperatura seca prevaleciente.,Relatieve vochtigheid,,,De relatieve vochtigheid is de verhouding van de feitelijke dampdruk tot de druk van de verzadigde damp bij de heersende droge luchttemperatuur.,ความชื้นสัมพัทธ์,,,ความชื้นสัมพัทธ์ คือ อัตราส่วนความดันไอที่แท้จริงกับความดันไออิ่มตัวที่อุณหภูมิกระเปาะแห้งทั่วไป
GAS,I,15,CoolTemp,0,,!,-273.15,,,0100,,0,0,1,0,Tc,°C,°F,0,0,0,0,0,0,0,0,0,0,0,0,0,0,0,0,0,0,0,0,0,0,0,0,0,0,0,0,0,0,0,0,0,0,0,0,0,0,0,0,0,0,0,0,0,0,0,0,0,0,0,0,0,0,3,0,0,0,0,0,0,0,0,0,0,0,0,0,0,,Cooling Temperature,Cooling Temperature,19,,冷却温度,,,,Temperatur nach Abkühlung,,,,Température de refroidissement,,19,,冷却温度,,,,冷卻溫度,,,,냉각온도,,,,Temperatura de Enfriamiento,Temp. Enfriamiento,,,Температура охлаждения,,,,Temperatura de refriamento,,,,Soğutma Sıcaklığı,,,,Temperatura chłodzenia,,,,Temperatura di raffreddamento,,,,Temperatura de enfriamiento,,,,Koeltemperatuur,,,,อุณหภูมิเย็น,,,
GAS,I,16,GasVelo,0,,!,0,,,1200,,0,0,3,0,v,m/s,ft/s,0,0,0,0,0,0,0,0,0,0,0,0,0,0,0,0,0,0,0,0,0,0,0,0,0,0,0,0,0,0,0,0,0,0,0,0,0,0,0,0,0,0,0,0,0,0,0,0,0,0,0,0,0,0,0,0,0,0,0,0,0,0,0,0,0,0,0,0,0,,Gas Velocity,Gas Velocity,19,,ガス流速,,,,Gasgeschwindigkeit,,,,Vitesse du gaz,,19,,气体流速,,,,氣體流速,,,,가스유속,,,,Velocidad del Gas,Vel. Gas,,,Скорость газа,,,,Velocidade do gás ,,,,Gaz Hızı,,,,Prędkość gazu,,,,Velocità del gas,,,,Velocidad del gas,,,,Gassnelheid,,,,ความเร็วของแก๊ส,,,
LQD,I,17,WtrPress,0,101.325,!,0,=,22064,0900,,7,9,8,10,pw,kPa abs,psia,0,0,0,0,0,0,0,0,0,0,0,0,0,0,0,0,0,0,0,0,0,0,0,0,0,0,0,0,0,0,0,0,0,0,0,0,3,0,0,0,0,0,0,0,0,0,0,0,0,0,0,0,0,0,0,0,0,0,0,0,0,0,0,0,0,0,0,0,0,,Water Pressure,Water Pressure,19,,水の圧力,,,,Wasserdruck,,,,Pression de l'eau,,19,,水的圧力,,,,水的圧力,,,,물의 압력,,,,Presión del Agua,Pres. Agua,,,Давление воды,,,,Pressão da água,,,,Su Basıncı,,,,Ciśnienie wody,,,,Pressione dell'acqua,,,,Presión del agua,,,,Waterdruk,,,,ความดันน้ำ,,,
LQD,I,18,LqdFlowRate,0,,!,0,,,2400,,0,0,2,0,Ql,m³/h,gal/h,0,0,0,0,0,0,0,0,0,0,0,7,0,0,0,0,0,0,0,0,0,0,0,0,0,0,0,0,0,7,0,0,0,0,0,0,0,0,0,0,0,0,0,0,0,0,0,0,0,0,0,0,0,0,0,0,0,0,0,0,0,0,0,0,0,0,0,0,0,,Liquid Flow Rate,Liquid Flow Rate,19,,液体の流量,,,,Flüssigkeitsdurchsatz,,,,Débit du liquide,,19,,液体流量,,,,液體流量,,,,액체의 유량,,,,Rango de Flujo del Liquido,Rango de Flujo Liquido,,,Расход жидкости,,,,Vazão do líquido,,,,Sıvı Akış Debisi,,,,Przepływ cieczy,,,,Portata del liquido,,,,Flujo del líquido,,,,Vloeistofdebiet,,,,อัตราการไหลของของเหลว,,,
LQD,I,20,LqdVisco,0,1,!,0,,,1300,,0,0,4,2,ν,mPa s,lbf s/in²,0,0,0,0,0,0,0,0,0,0,0,0,0,0,0,0,0,0,0,0,0,0,0,0,0,0,0,0,0,0,0,0,0,0,0,0,0,0,0,0,0,0,0,0,0,0,0,0,0,0,0,0,0,0,0,0,0,0,0,0,0,0,0,0,0,0,0,0,0,,Liquid Viscosity,Liquid Viscosity,19,,液体の粘度,,,,Viskosität Flüssigkeit,,,,Viscosité du liquide,,19,,液体粘度,,,,液體粘度,,,,액체의 점도,,,,Viscosidad del Liquido,Viscosidad Liquido,,,Вязкость жидкости,,,,Viscosidade do líquido,,,,Sıvı Viskozite,,,,Lepkość cieczy,,,,Viscosità del liquido,,,,Viscosidad del líquido,,,,Vloeistofviscositeit,,,,ความหนืดของของเหลว,,,
LQD,I,21,WtrPrimPress,0,101.325,!,0,=,22064,0900,,7,9,8,10,p1,kPa abs,psia,0,0,0,0,0,0,0,0,0,0,0,0,0,0,0,0,0,0,0,0,0,0,0,0,0,0,0,0,0,0,0,0,0,0,0,0,0,0,0,0,0,7,7,7,0,0,0,0,0,0,0,0,0,0,0,0,0,0,0,0,0,0,0,0,0,0,0,0,0,,Primary Pressure,Primary Pressure,19,,一次側圧力,,,,Vordruck,,,,Pression primaire,,19,,一次压力,,,,一次壓力,,,,일차측 압력,,,,Presión Primaria,Pres. Primaria,,,Давление на входе,,,,Pressão primária ,,,,Birincil Basınç,,,,Ciśnienie wejściowe,,,,Pressione primaria,,,,Presión primaria,,,,Primaire druk,,,,ความดันขั้นแรก,,,
LQD,I,22,WtrSecondPress,0,101.325,!,0,=,22064,0900,,7,9,8,10,p2,kPa abs,psia,0,0,0,0,0,0,0,0,0,0,0,0,0,0,0,0,0,0,0,0,0,0,0,0,0,0,0,0,0,0,0,0,0,0,0,0,0,0,0,0,0,7,7,7,0,0,0,0,0,0,0,0,0,0,0,0,0,0,0,0,0,0,0,0,0,0,0,0,0,,Secondary Pressure,Secondary Pressure,19,,二次側圧力,,,,Gegendruck,,,,Pression secondaire,,19,,二次压力,,,,二次壓力,,,,이차측 압력,,,,Presión Secundaria,Pres. Secundaria,,,Давление на выходе,,,,Pressão secundária,,,,İkincil Basınç,,,,Ciśnienie wyjściowe,,,,Pressione secondaria,,,,Presión secundaria,,,,Secundaire druk,,,,ความดันขั้นที่สอง,,,
LQD,I,23,LqdInTemp,0,,!,-273.15,,,0100,,0,0,1,0,T1,°C,°F,0,0,0,0,0,0,0,0,0,0,0,7,7,0,0,0,0,0,0,0,0,0,0,0,0,0,0,0,0,7,0,0,0,0,0,0,0,0,0,0,0,0,0,0,0,0,0,0,0,0,0,0,0,0,0,0,0,0,0,0,0,0,0,0,0,0,0,0,0,,Liquid Inlet Temperature,Liquid Inlet Temp,19,Enter the temperature of the liquid at the inlet before heating.,液体入口温度,,,加熱する前の液体の温度を入力して下さい。,Flüssigkeitszulauftemperatur,,,Flüssigkeitstemperatur vor der Erwärmung eingeben.,Température d'entrée du liquide,,19,Entrer la température du liquide à chauffer ( température à l'entrée ),液体入口温度,,,请输入加热前入口处液体温度。,液體入口溫度,,,請輸入加熱前入口處液體溫度。,액체입구온도,,,가열하기 전의 액체온도를 입력해 주십시오.,Temperatura de Entrada del Liquido,Temp. Entrada Liquido,,Ingrese la temperatura del liquido en la entrada antes del calentamiento.,Температура жидкости на входе,,,Введите температуру воды перед нагревом,Temperatura de entrada do líquido,,,Introduza a temperatura do líquido na entrada antes do aquecimento.,Sıvı Giriş Sıcaklığı,,,Isıtma öncesinde girişteki sıvının sıcaklığını giriniz.,Temperatura wejściowa cieczy,,,Podaj temperaturę wejściową cieczy do ogrzania.,Temperatura d'ingresso del liquido,,,Inserire la temperatura del liquido all'ingresso prima del riscaldamento,Temperatura de entrada del líquido,,,Introduzca la temperatura del líquido en la entrada antes del calentamiento.,Vloeistofinlaattemperatuur,,,Voer de temperatuur van de vloeistof bij de inlaat vóór verwarming in.,อุณหภูมิช่องเข้าของของเหลว,,,ป้อนอุณหภูมิของเหลวที่ช่องเข้าก่อนทำความร้อน
LQD,I,24,LqdOutTemp,0,,!,-273.15,,,0100,,0,0,1,0,T2,°C,°F,0,0,0,0,0,0,0,0,0,0,0,7,7,0,0,0,0,0,0,0,0,0,0,0,0,0,0,0,0,0,0,0,0,0,0,0,0,0,0,0,0,0,0,0,0,0,0,0,0,0,0,0,0,0,0,0,0,0,0,0,0,0,0,0,0,0,0,0,0,,Liquid Outlet Temperature,Liquid Outlet Temp,19,Enter the desired temperature of liquid to be heated.,液体出口温度,,,蒸気加熱によって液体の温度を何度にしたいか、その温度を入力して下さい。,Flüssigkeitsaustrittstemperatur,,,Flüssigkeitstemperatur nach der Erwärmung eingeben.,Température de sortie du liquide,,19,Entrer la température de consigne du liquide   ( température à la sortie ),液体出口温度,,,请输入加热液体的温度设定值。,液體出口溫度,,,請輸入加熱液體的溫度設定值。,액체출구온도,,,증기로 액체의 온도를 몇도까지 가열하고 싶은지 적어 주십시오.,Temperatura de Salida del Liquido,Temp. Salida Liquido,,Ingrese la temperatura deseada del liquido a ser calentado.,Температура жидкости на выходе,,,Введите заданную температуру воды,Temperatura de saída do líquido,,,Introduza a temperatura desejada do líquido a ser aquecido.,Sıvı Çıkış Sıcaklığı,,,Isıtılacak olan sıvının istenen sıcaklığını giriniz.,Temperatura wyjściowa cieczy,,,Podaj docelową temperaturę cieczy ogrzewanej.,Temperatura d'uscita del liquido,,,Inserire la temperatura del liquido da scaldare,Temperatura de salida del líquido,,,Introduzca la temperatura deseada del líquido que se calentará.,Vloeistofuitlaatemperatuur,,,Voer de gewenste temperatuur in van de vloeistof die wordt verwarmd.,อุณหภูมิช่องออกของของเหลว,,,ป้อนอุณหภูมิที่ต้องการให้ของเหลวร้อน
LQD,I,23,LqdInTemp,0,,!,-273.15,,,0100,,0,0,1,0,T1,°C,°F,0,0,0,0,0,0,0,0,0,0,0,0,0,0,7,0,0,0,0,0,0,0,0,0,0,0,0,0,0,0,0,0,0,0,0,0,0,0,0,0,0,0,0,0,0,0,0,0,0,0,0,0,0,0,0,0,0,0,0,0,0,0,0,0,0,0,0,0,0,,Liquid/Gas Inlet Temperature ,Liquid/Gas In Temp ,19,Enter the temperature of the liquid/gas at the inlet before heating.,液体/気体入口温度,,,加熱する前の液体/気体の温度を入力して下さい。,Flüssigkeits-/Gaszulauftemperatur,,,Flüssigkeits-/Gastemperatur vor der Erwärmung eingeben.,Température d'entrée du liquide/gaz,,19,Entrer la température du liquide/gaz à chauffer ( température à l'entrée ),液体/气体入口温度,,,请输入加热前入口处液体/气体温度。,液體/氣體入口溫度,,,請輸入加熱前入口處液體/氣體溫度。,액체/가스 입구온도,,,가열하기 전의 액체/가스 온도를 입력해 주십시오.,Temperatura de Entrada del Liquido/Gas,Temp. Entrada Liquido,,Ingrese la temperatura del liquido/gas en la entrada antes del calentamiento.,Температура жидкости/газа на входе,,,Введите температуру воды/газа перед нагревом,Temperatura de entrada do líquido/gás,,,Introduza a temperatura de entrada do líquido/gás antes do aquecimento.,Sıvı/Gaz Giriş Sıcaklığı,,,Isıtma öncesi (giriş sıcaklığı) sıvı/gaz sıcaklığını giriniz,Temperatura wejściowa cieczy/gazu,,,Podaj temperaturę wejściową cieczy/gazu przed podgrzaniem.,Temperatura d'ingresso del liquido/gas ,,,Inserire la temperatura del liquido/gas all'ingresso prima del riscaldamento,Temperatura de entrada del líquido/gas,,,Introduzca la temperatura del líquido/gas en la entrada antes del calentamiento.,Vloeistof/gasinlaattemperatuur ,,,Voer de temperatuur van de vloeistof/gas bij de inlaat vóór verwarming in.,อุณหภูมิช่องเข้าของของเหลว/แก๊ส ,,,ป้อนอุณหภูมิของของเหลว/แก๊สที่ช่องเข้าก่อนทำความร้อน
LQD,I,24,LqdOutTemp,0,,!,-273.15,,,0100,,0,0,1,0,T2,°C,°F,0,0,0,0,0,0,0,0,0,0,0,0,0,0,7,0,0,0,0,0,0,0,0,0,0,0,0,0,0,0,0,0,0,0,0,0,0,0,0,0,0,0,0,0,0,0,0,0,0,0,0,0,0,0,0,0,0,0,0,0,0,0,0,0,0,0,0,0,0,,Liquid/Gas Outlet Temperature ,Liquid/Gas Out Temp,19,Enter the desired temperature of the liquid/gas to be heated.,液体/気体出口温度,,,蒸気加熱によって液体/気体の温度を何度にしたいか、その温度を入力して下さい。,Flüssigkeits-/Gasaustrittstemperatur,,,Flüssigkeits-/Gastemperatur nach der Erwärmung eingeben.,Température de sortie du liquide/gaz,,19,Entrer la température de consigne du liquide/gaz   ( température à la sortie ),液体/气体出口温度,,,请输入加热液体/气体的温度设定值。,液體/氣體出口溫度,,,請輸入加熱液體/氣體的溫度設定值。,액체/가스 출구온도,,,증기로 액체/가스의 온도를 몇도까지 가열하고 싶은지 적어 주십시오.,Temperatura de Salida del Liquido/Gas,Temp. Salida Liquido,,Ingrese la temperatura deseada del liquido/gas a ser calentado.,Температура жидкости/газа на выходе,,,Введите заданную температуру воды/газа,Temperatura de saída do líquido/gás,,,Introduza a temperatura desejada do líquido/gás a ser aquecido.,Sıvı/Gaz Çıkış Sıcaklığı,,,Isıtma sonrası(çıkış sıcaklığı) sıvı/gaz sıcaklığını giriniz,Temperatura wyjściowa cieczy/gazu,,,Podaj temperaturę docelową cieczy/gazu do której ma być ogrzane.,Temperatura d'uscita del liquido/gas,,,Inserire la temperatura del liquido/gas da scaldare,Temperatura de salida del líquido/gas,,,Introduzca la temperatura deseada del líquido/gas que se calentarán.,Vloeistof/gasuitlaattemperatuur ,,,Voer de gewenste temperatuur in van de vloeistof/gas die wordt verwarmd.,อุณหภูมิช่องออกของของเหลว/แก๊ส ,,,ป้อนอุณหภูมิที่ต้องการให้ของเหลว/แก๊สร้อน
LQD,I,26,InternalTemp,0,,!,-273.15,,,0100,,0,0,1,0,Ti,°C,°F,0,0,0,0,0,0,0,0,0,0,0,0,0,0,0,0,0,0,0,0,0,0,0,0,0,0,0,0,0,0,0,0,0,0,0,0,0,0,0,0,0,0,0,0,7,0,0,0,0,0,0,0,0,0,0,0,0,0,0,0,0,0,0,0,0,0,0,0,0,,Internal Temperature,Internal Temp,19,,内部温度,,,,Flüssigkeitstemperatur,,,,Température interne,,19,,内部温度,,,,內部溫度,,,,내부온도,,,,Temperatura Interna,Temp. Interna,,,Внутренняя температура,,,,Temperatura interna,,,,İç Sıcaklık,,,,Temperatura wewnętrzna,,,,Temperatura interna,,,,Temperatura interna,,,,Interne temperatuur,,,,อุณหภูมิภายใน,,,
LQD,I,27,WtrVelo,0,,!,0,,,1200,,0,0,3,0,v,m/s,ft/s,0,0,0,0,0,0,0,0,0,0,0,0,0,0,0,0,0,0,0,0,0,0,0,0,0,0,0,0,0,0,0,0,0,0,0,0,0,0,0,0,7,0,0,0,0,0,0,0,0,0,0,0,0,0,0,0,0,0,0,0,0,0,0,0,0,0,0,0,0,,Water Velocity,Water Velocity,19,,水の流速,,,,Fliessgeschwindigkeit,,,,Vitesse de l'eau,,19,,水的流速,,,,水的流速,,,,물의 유속,,,,Velocidad del Agua,Vel. Agua,,,Скорость воды,,,,Velocidade da água,,,,Su Hızı,,,,Prędkość wody,,,,Velocità dell'acqua,,,,Velocidad del agua,,,,Watersnelheid,,,,ความเร็วของน้ำ,,,
LQD,I,28,LqdAmount,0,,!,0,,,0600,,0,0,5,0,V,m³,gal (UK),0,0,0,0,0,0,0,0,0,0,0,0,7,0,0,0,0,0,0,0,0,0,0,0,0,0,0,0,0,0,0,0,0,0,0,0,0,0,0,0,0,0,0,0,0,0,0,0,0,0,0,0,0,0,0,0,0,0,0,0,0,0,0,0,0,0,0,0,0,,Liquid Volume,Liquid Volume,19,,液体の量,,,,Flüssigkeitsvolumen,,,,Volume du liquide,,19,,液体体积,,,,液體體積,,,,액체의 양,,,,Volumen del Liquido,Vol. Liquido,,,Объем жидкости,,,,Volume do líquido,,,,Sıvı Hacmi,,,,Objętość cieczy,,,,Volume del liquido,,,,Volumen del líquido,,,,Vloeistofvolume,,,,ความจุของเหลว,,,
STM,I,29,StmPress,0,101.325,!,0,=,22064,0900,,7,9,8,10,ps,kPa abs,psia,3,3,3,3,3,3,0,0,0,3,3,3,3,3,3,3,0,0,3,0,0,7,3,3,3,0,3,3,3,3,3,0,0,0,0,0,0,0,0,0,0,0,0,0,0,0,0,0,0,0,0,0,0,0,0,0,0,0,0,0,0,0,0,0,0,0,0,0,0,,Steam Pressure,Steam Pressure,19,,蒸気圧力,,,,Dampfdruck,,,,Pression de la vapeur,,19,,蒸汽压力,,,,蒸汽壓力,,,,증기압력,,,,Presión de Vapor,Pres. Vapor,,,Давление пара,,,,Pressão do vapor,,,,Buhar Basıncı,,,,Ciśnienie pary wodnej,,,,Pressione del vapore,,,,Presión del vapor,,,,Stoomdruk,,,,ความดันไอน้ำ,,,
STM,I,30,StmPrimPress,0,101.325,!,0,=,22064,0900,,7,9,8,10,p1,kPa abs,psia,0,0,0,0,0,0,7,7,7,0,0,0,0,0,0,0,0,0,0,3,3,0,0,0,0,0,0,0,0,0,0,0,0,0,0,0,0,0,0,0,0,0,0,0,0,0,0,0,0,0,0,0,0,0,0,0,0,0,0,0,0,0,0,0,0,0,0,0,0,,Primary Pressure,Primary Pressure,19,,一次側圧力,,,,Vordruck,,,,Pression primaire,,19,,一次压力,,,,一次壓力,,,,일차측 압력,,,,Presión Primaria,Pres. Primaria,,,Давление на входе,,,,Pressão primária ,,,,Birincil Basınç,,,,Ciśnienie wejściowe,,,,Pressione primaria,,,,Presión primaria,,,,Primaire druk,,,,ความดันขั้นแรก,,,
STM,I,31,StmTemp,1,100,!,0,=,800,0100,,0,0,1,0,Ts,°C,°F,1,1,1,1,1,1,0,0,0,5,0,1,1,1,4,4,0,0,1,0,0,0,0,5,0,3,3,0,0,0,0,0,0,0,0,0,0,0,0,0,0,0,0,0,0,0,0,0,0,0,0,0,0,0,0,0,0,0,0,0,0,0,0,0,0,0,0,0,0,,Steam Temperature,Steam Temperature,19,"For super-heated steam, enter a temperature higher than the saturated temperature.",蒸気温度,,,過熱蒸気の場合は、飽和温度以上の温度を入力して下さい。,Dampftemperatur,,,"Bei überhitzten Dampf, die tatsächliche Dampftemperatur eingeben.",Température de la vapeur,,19,"Pour de la vapeur surchauffée, entrer une température supérieure à la température de vapeur saturée",蒸汽温度,,,过热蒸汽的温度应高于同压力下饱和蒸汽的温度。,蒸汽溫度,,,過熱蒸汽的溫度應高於同壓力下飽和蒸汽的溫度。,증기온도,,,과열증기의 경우는 포화증기보다 높은 온도를 입력해 주십시오.,Temperatura del Vapor,Temp. del Vapor,,Para vapor sobrecalentado a temperatura más alta que la temperatura saturada.,Температура пара,,,"Для перегретого пара введите темпетаруру выше, чем температура насыщения",Temperatura do vapor,,,"Para vapor superaquecido, introduzir a temperatura maior do que a temperatura do saturado.",Buhar Sıcaklığı,,,"Kızgın buhar için , doymuş buhar sıcaklığından daha yüksek bir sıcaklık giriniz.",Temperatura pary wodnej,,,"Dla pary przegrzanej, podaj temperaturę wyższą od temperatury nasycenia.",Temperatura del vapore,,,Per vapore surriscaldato inserire una temperatura maggiore della temperatura di saturazione,Temperatura del vapor,,,Para vapor sobrecalentado a temperatura más alta que la temperatura saturada.,Stoomtemperatuur,,,Voor superverhitte stoom moet een temperatuur hoger dan de verzadigde temperatuur worden ingevoerd.,อุณหภูมิไอน้ำ,,,สำหรับไอน้ำที่ร้อนมาก ให้ป้อนอุณหภูมิให้สูงกว่าอุณหภูมิอิ่มตัว
STM,I,32,StmSecondPress,0,101.325,!,0,=,22064,0900,,7,9,8,10,p2,kPa abs,psia,0,0,0,0,0,0,7,7,7,0,0,0,0,0,0,0,0,0,0,3,3,0,0,0,0,0,0,0,0,0,0,0,0,0,0,0,0,0,0,0,0,0,0,0,0,0,0,0,0,0,0,0,0,0,0,0,0,0,0,0,0,0,0,0,0,0,0,0,0,,Secondary Pressure,Secondary Pressure,19,,二次側圧力,,,,Gegendruck,,,,Pression secondaire,,19,,二次压力,,,,二次壓力,,,,이차측 압력,,,,Presión Secundaria,Pres. Secundaria,,,Давление на выходе,,,,Pressão secundária ,,,,Son Basınç,,,,Ciśnienie wyjściowe,,,,Pressione secondaria,,,,Presión secundaria,,,,Secundaire druk,,,,ความดันขั้นที่สอง,,,
STM,I,33,StmFlowRate,0,,!,0,,,1600,,0,0,2,0,ms,kg/h,lb/h,7,7,7,7,7,0,0,7,0,0,0,0,0,0,0,0,0,0,0,0,7,0,0,0,0,0,0,0,0,0,0,0,0,0,0,0,0,0,0,0,0,0,0,0,0,0,0,0,0,0,0,0,0,0,0,0,0,0,0,0,0,0,0,0,0,0,0,0,0,,Steam Flow Rate,Steam Flow Rate,19,,蒸気流量,,,,Dampfdurchsatz,,,,Débit de la vapeur,,19,,蒸汽流量,,,,蒸汽流量,,,,증기유량,,,,Rango de Flujo del Vapor,Rango de Flujo del Vapor,,,Расход пара,,,,Vazão do vapor,,,,Buhar Debisi,,,,Przepływ pary wodnej,,,,Portata del vapore,,,,Flujo del vapor,,,,Stoomdebiet,,,,อัตราการไหลของไอน้ำ,,,
STM,I,34,StmVelo,0,,!,0,,,1200,,0,0,3,0,v,m/s,ft/s,0,0,0,0,0,7,0,0,0,0,0,0,0,0,0,0,0,0,0,0,0,0,0,0,0,0,0,0,0,0,0,0,0,0,0,0,0,0,0,0,0,0,0,0,0,0,0,0,0,0,0,0,0,0,0,0,0,0,0,0,0,0,0,0,0,0,0,0,0,,Steam Velocity,Steam Velocity,19,,蒸気流速,,,,Dampfgeschwindigkeit,,,,Vitesse de la vapeur,,19,,蒸汽流速,,,,蒸汽流速,,,,증기유속,,,,Velocidad del Vapor,Vel. del Vapor,,,Скорость пара,,,,Velocidade do vapor,,,,Buhar Hızı,,,,Prędkość pary wodnej,,,,Velocità del vapore,,,,Velocidad del vapor,,,,Stoomsnelheid,,,,ความเร็วของไอน้ำ,,,
STM,I,35,StmVisco,0,,!,0,,,1300,,0,0,4,2,ν,mPa s,lbf s/in²,0,0,0,0,0,0,0,0,0,0,0,0,0,0,0,0,0,0,0,0,0,0,0,0,0,0,0,0,0,0,0,0,0,0,0,0,0,0,0,0,0,0,0,0,0,0,0,0,0,0,0,0,0,0,0,0,0,0,0,0,0,0,0,0,0,0,0,0,0,,Liquid Viscosity,Liquid Viscosity,19,,液体の粘度,,,,Viskosität Flüssigkeit,,,,Viscosité du liquide,,19,,液体粘度,,,,液體粘度,,,,액체의 점도,,,,Viscosidad del Liquido,Viscosidad Liquido,,,Вязкость жидкости,,,,Viscosidade do líquido,,,,Sıvının Viskozitesi,,,,Lepkość cieczy,,,,Velocità del liquido,,,,Viscosidad del líquido,,,,Vloeistofviscositeit,,,,ความหนืดของของเหลว,,,
STM,I,36,CondPress,0,101.325,!,0,=,22064,0900,,7,9,8,10,pc,kPa abs,psia,0,0,0,0,0,0,0,0,0,0,0,0,0,0,0,0,0,0,0,0,0,0,0,0,0,0,0,3,3,3,3,0,3,3,0,3,0,0,0,0,0,0,0,0,0,0,0,0,0,0,0,0,0,0,0,0,0,0,0,0,0,0,0,0,0,0,0,0,0,,Condensate Pressure,Condensate Pressure,19,Enter the pressure at the inlet of the steam trap.,ドレン圧力,,,ドレン圧力は、スチームトラップの入口側の圧力を入力してください。,Kondensatdruck,,,Druck am Kondensatableitereintritt eingeben.,Pression du condensât,,19,Entrer la pression à l'entrée du purgeur,冷凝水压力,,,请输入疏水阀入口处压力值。,冷凝水壓力,,,請輸入疏水閥入口處壓力值。,응축수 압력,,,응축수의 압력은 스팀트랩의 입구압력을 입력해 주십시오.,Presión del Condensado,Pres. Condensado,,Ingrese la presión en la entrada de la trampa de vapor.,Давление конденсата,,,Введите давление на входе в конденсатоотводчик,Pressão do condensado,,,Introduzir a pressão da entrada do purgador de vapor.,Kondens Basıncı,,,Buhar kapanının girişindeki basıncı giriniz.,Ciśnienie kondensatu,,,Podaj ciśnienie przed odwadniaczem.,Pressione della condensa,,,Inserire la pressione di ingresso dello scaricatore di condensa,Presión del condensado,,,Introduzca la presión en la entrada de la trampa de vapor.,Condensaatdruk,,,Voer de druk bij de inlaat van de condenspot in.,ความดันควบแน่น,,,ป้อนความดันที่ช่องเข้าของเครื่องดักไอน้ำ
STM,I,37,CondFlowLoad,0,,!,0,,,1600,,0,0,2,0,mc,kg/h,lb/h,0,0,0,0,0,0,0,0,0,0,0,0,0,0,0,0,0,0,0,0,0,0,0,0,0,0,0,7,7,3,7,7,7,7,7,7,0,0,0,0,0,0,0,0,0,0,0,0,0,0,0,0,0,0,0,0,0,0,0,0,0,0,0,0,0,0,0,0,0,,Condensate Load,Condensate Load,19,Enter the condensate load generated in the equipment.,ドレン発生量,,,装置でのドレン発生量を入力して下さい。,Kondensatmenge,,,Im Dampfverbraucher angefallene Kondensatmenge eingeben.,Débit du condensât,,19,Entrer la quantité de condensât générée dans l'équipement,冷凝水负载,,,请输入设备冷凝水负荷。,冷凝水負載,,,請輸入設備冷凝水負荷。,응축수 발생량,,,증기사용장치에서 발생하는 응축수의 양을 입력해 주십시오.,Carga de Condensado,Carga Condensado,,Ingrese la carga de condensado generado en el equipo.,Расход конденсата,,,Введите расход конденсата в теплообменнике,Carga de condensado,,,Introduza a carga de condensado gerada no equipamento.,Kondens Yükü,,,Ekipmanda oluşan kondens yükünü(debisini) giriniz.,Ilość kondensatu,,,Podaj ilość kondensatu generowanego w urządzeniu.,Carico della condensa,,,Inserire il carico di condensa generato nell'impianto,Carga de condensado,,,Introduzca la carga de condensado generado en el equipo.,Condensaatbelasting,,,Voer de condensaatbelasting opgewekt in de installatie in.,ปริมาณการควบแน่น,,,ป้อนปริมาณการควบแน่นที่สร้างขึ้นในอุปกรณ์นี้
STM,I,38,CondVelo,0,,!,0,,,1200,,0,0,3,0,v,m/s,ft/s,0,0,0,0,0,0,0,0,0,0,0,0,0,0,0,0,0,0,0,0,0,0,0,0,0,0,0,0,0,0,0,0,0,0,0,0,0,0,0,0,0,0,0,0,0,0,0,0,0,0,0,0,0,0,0,0,0,0,0,0,0,0,0,0,0,0,0,0,0,,Condensate and Flash Steam Velocity,Condensate & Flash Vel,19,,ドレン流速,,,,Kondensatgeschwindigkeit,,,,Vitesse du condensât,,19,,冷凝水流速,,,,冷凝水流速,,,,응축수 유속,,,,Vlocidad del Condensado,Vel. Condensado,,,Скорость конденсата,,,,Velocidade do condensado,,,,Kondens Hızı,,,,Prędkość kondensatu,,,,Velocità della condensa,,,,Velocidad del condensado,,,,Condensaatsnelheid,,,,ความเร็วการควบแน่น,,,
STM,I,39,RecoveryPress,0,101.325,!,0,=,22064,0900,,7,9,8,10,pr,kPa abs,psia,0,0,0,0,0,0,0,0,0,0,0,0,0,0,0,0,0,0,0,0,0,0,0,0,0,0,0,0,3,0,0,0,3,3,0,3,0,0,0,0,0,0,0,0,0,0,0,0,0,0,0,0,0,0,0,0,0,0,0,0,0,0,0,0,0,0,0,0,0,,Recovery Line Pressure,Recovery Line Press,19,,回収管圧力,,,,Druck in Rückführleitung,,,,Pression de la ligne retour,,19,,回收管压力,,,,回收管壓力,,,,회수관 압력,,,,Presión de la Línea de Recuperación,Pres. Línea Recuperación,,,Противодавление в конденсатной линии,,,,Pressão da linha de retorno,,,,Geri Kazanım Hattı Basıncı,,,,Ciśnienie rurociągu powrotnego kondensatu,,,,Pressione della linea di recupero,,,,Presión de la línea de recuperación,,,,Terugwinningsleidingdruk,,,,แนวการกลับคืนของความดัน,,,
STM,I,40,WindVelo,0,,=,0,,,1200,,0,0,3,0,v,m/s,ft/s,0,0,0,0,0,0,0,0,0,1,1,0,0,0,0,0,0,0,0,0,0,0,0,1,0,0,0,0,0,0,0,0,0,0,0,0,0,0,0,0,0,0,0,0,0,0,0,0,0,0,0,0,0,0,0,0,0,0,0,0,0,0,0,0,0,0,0,0,0,,Wind Velocity,Wind Velocity,19,,風速,,,,Windgeschwindigkeit,,,,Vitesse du vent,,19,,风速,,,,風速,,,,풍속,,,,Velocidad del Viento,Vel. Viento,,,Скорость ветра,,,,Velocidade do vento,,,,Rüzgar Hızı,,,,Prędkość wiatru,,,,Velocità del vento,,,,Velocidad del viento,,,,Windsnelheid,,,,ความเร็วลม,,,
ALL,I,41,AirFlowRate,0,,!,0,,,1400,,0,0,3,0,Qa,m³/min,CFM,0,0,0,0,0,0,0,0,0,0,0,0,0,7,0,0,0,0,0,0,0,0,0,0,0,0,0,0,0,0,0,0,0,0,0,0,0,0,0,0,0,0,0,0,0,3,7,3,0,7,0,0,3,0,0,0,0,0,0,0,0,0,0,0,0,0,0,0,0,,Air Flow Rate (Actual),Air Flow Rate (Actual),19,,空気実流量,,,,Luftdurchsatz,,,,Débit d'air,,19,,空气流量（实际）,,,,空氣流量（實際）,,,,에어의 실유량,,,,Rango de Flujo de Aire (Real),Rango Flujo Aire (Real),,,Расход воздуха (текущий),,,,Vazão do ar (Atual),,,,Hava Debisi (Reel ),,,,Przepływ powietrza (Rzeczywisty),,,,Portata dell'aria (reale),,,,Flujo de aire (real),,,,Luchtdebiet (feitelijk),,,,อัตราการไหลของอากาศ (ตามความจริง),,,
ALL,I,83,AirFlowRateN,1,,!,0,,,1500,,0,0,3,0,Qa,Nm³/min,SCFM,0,0,0,0,0,0,0,0,0,0,0,0,0,0,0,0,0,0,0,0,0,0,0,0,0,0,0,0,0,0,0,0,0,0,0,0,0,0,0,0,0,0,0,0,0,3,3,3,0,3,0,0,7,0,7,0,0,0,0,0,0,0,0,0,0,0,0,0,0,,Air Flow Rate (Normal),Air Flow Rate (Normal),19,,空気補正流量,,,,Luftdurchsatz,,,,Débit d'air,,19,,空气流量（名义）,,,,空氣流量（名義）,,,,에어의 보정유량,,,,Rango de Flujo de Aire (Normal),Rango Flujo Aire (Normal),,,Расход воздуха (приведенный к нормальным условиям),,,,Vazão do ar (Normal),,,,Hava Debisi (Normal),,,,Przepływ powietrza (Normalny),,,,Portata dell'aria (normale),,,,Flujo de aire (normal),,,,Luchtdebiet (normaal),,,,อัตราการไหลของอากาศ (โดยปกติ),,,
STM,I,42,AirInTemp,0,,!,-273.15,!,100,0100,,0,0,1,0,T1,°C,°F,0,0,0,0,0,0,0,0,0,0,0,0,0,7,0,7,0,0,0,0,0,0,0,0,0,0,0,0,0,0,0,0,0,0,0,0,0,0,0,0,0,0,0,0,0,0,0,0,0,0,0,0,0,0,0,0,0,0,0,0,0,0,0,0,0,0,0,0,0,,Air Inlet Temperature ,Air Inlet Temp ,19,Enter the temperature of the air at the inlet before heating.,空気入口温度,,,加熱する前の空気の温度を入力して下さい。,Lufteintrittstemperatur,,,Lufttemperatur vor der Erwärmung eingeben.,Température d'entrée de l'air,,19,Entrer la température de l'air à chauffer    ( température de l'air à l'entrée ) ,空气入口温度,,,请输入加热前入口处空气温度。,空氣入口溫度,,,請輸入加熱前入口處空氣溫度。,에어입구온도,,,가열하기 전의 에어의 온도를 입력해 주십시오.,Temperatura de Entrada del Aire,Temp. Entrada Aire,,Ingrese la temperatura del aire en la entrada antes del calentamiento.,Температура воздуха на входе,,,Введите температуру воздуха перед нагревом,Temperatura de entrada do ar,,,Introduza a temperatura de entrada do ar antes do aquecimento.,Hava Giriş Sıcaklığı,,,Isıtma öncesinde girişteki havanın sıcaklığını giriniz.,Temperatura wejściowa powietrza,,,Podaj temperaturę wejściową powietrza przed podgrzaniem.,Temperatura d'ingresso dell'aria,,,Inserire la temperatura dell'aria all'ingresso prima del riscaldamento,Temperatura de entrada del aire,,,Introduzca la temperatura del aire en la entrada antes del calentamiento.,Luchtinlaattemperatuur ,,,Voer de temperatuur van de lucht bij de inlaat vóór verwarming in.,อุณหภูมิช่องเข้าของอากาศ ,,,ป้อนอุณหภูมิของอากาศที่ช่องเข้าก่อนทำความร้อน
STM,I,43,AirOutTemp,0,,!,-273.15,!,100,0100,,0,0,1,0,T2,°C,°F,0,0,0,0,0,0,0,0,0,0,0,0,0,7,0,7,0,0,0,0,0,0,0,0,0,0,0,0,0,0,0,0,0,0,0,0,0,0,0,0,0,0,0,0,0,0,0,0,0,0,0,0,0,0,0,0,0,0,0,0,0,0,0,0,0,0,0,0,0,,Air Outlet Temperature,Air Outlet Temp,19,Enter the desired temperature of the air to be heated.,空気出口温度,,,蒸気加熱によって空気の温度を何度にしたいか、その温度を入力して下さい。,Luftaustrittstemperatur,,,Lufttemperatur nach der Erwärmung eingeben.,Température de sortie de l'air,,19,Entrer la température de consigne de l'air      ( tempéraure de l'air à la sortie ),空气出口温度,,,请输入加热空气的温度设定值。,空氣出口溫度,,,請輸入加熱空氣的溫度設定值。,에어출구온도,,,증기로 에어의 온도를 몇도까지 가열하고 싶은지 적어 주십시오.,Temperatura de Salida del Aire,Temp. Salida Aire,,Ingrese la temperatura deseada del aire a ser calentado.,Температура воздуха на выходе,,,Введите заданную температуру воздуха,Temperatura de saída do ar ,,,Introduza a temperatura desejada do ar a ser aquecido.,Hava Çıkış Sıcaklığı,,,Isıtılacak olan havanın istenen sıcaklığını giriniz.,Temperatura wyjściowa powietrza,,,Podaj docelową temperaturę powietrza po podgrzaniu.,Temperatura di uscita dell'aria,,,Inserire la temperatura dell'aria da scaldare,Temperatura de salida del aire,,,Introduzca la temperatura deseada del aire que se calentará.,Luchtuitlaattemperatuur,,,Voer de gewenste temperatuur in van de lucht die wordt verwarmd.,อุณหภูมิช่องออกของอากาศ,,,ป้อนอุณหภูมิของอากาศที่ต้องการให้ร้อน
STM,I,44,BoilerPress,0,101.325,!,0,=,22064,0900,,7,9,8,10,pb,kPa,psi,0,0,0,0,0,0,0,0,0,0,0,0,0,0,0,0,3,0,0,0,0,0,0,0,0,0,0,0,0,0,0,0,0,0,0,0,0,0,0,0,0,0,0,0,0,0,0,0,0,0,0,0,0,0,0,0,0,0,0,0,0,0,0,0,0,0,0,0,0,,Boiler Pressure,Boiler Pressure,19,,ボイラ圧力,,,,Kesseldruck,,,,Pression de la chaudière,,19,,锅炉压力,,,,鍋爐壓力,,,,보일러압력,,,,Presión de la Caldera,Pres. Caldera,,,Давление в котле,,,,Pressão da caldeira ,,,,Kazan Basıncı,,,,Ciśnienie w kotle,,,,Pressione della caldaia,,,,Presión de la caldera,,,,Boilerdruk,,,,ความดันหม้อต้ม,,,
STM,I,45,FeedWtrTemp,0,,=,0,,,0100,,0,0,1,0,Tfw,°C,°F,0,0,0,0,0,0,0,0,0,0,0,0,0,0,0,0,3,0,3,0,0,0,0,0,0,0,0,3,3,3,3,0,0,0,0,0,0,0,0,0,0,0,0,0,0,0,0,0,0,0,0,0,0,0,0,0,0,0,0,0,0,0,0,0,0,0,0,0,0,,Temperature of Feed Water to Boiler,Boil Feed Wtr Temp,19,,ボイラへの給水温度,,,,Kesselspeisewassertemperatur,,,,Température de l'eau d'appoint de la chaudière,,19,,锅炉给水温度,,,,鍋爐給水溫度,,,,보일러급수 온도,,,,Temperatura del Agua de Alimentación a la Caldera,Temp. Agua Alimentación a Caldera,,,Температура питательной воды,,,,Temperatura da água de alimentação da caldeira,,,,Kazan Besi Suyu Sıcaklığı,,,,Temperatura wody zasilającej do kotła,,,,Temperatura dell'acqua di alimento alla Caldaia,,,,Temperatura del agua de alimentación de la caldera,,,,Temperatuur van toevoerwater naar boiler,,,,อุณหภูมิของน้ำที่ป้อนเข้าไปยังหม้อต้ม,,,
STM,I,46,BoilerBlow,0,,=,0,,,1600,,0,0,2,0,mb,kg/h,lb/h,0,0,0,0,0,0,0,0,0,0,0,0,0,0,0,0,5,0,0,0,0,0,0,0,0,0,0,0,0,0,0,0,0,0,0,0,0,0,0,0,0,0,0,0,0,0,0,0,0,0,0,0,0,0,0,0,0,0,0,0,0,0,0,0,0,0,0,0,0,,Boiler Blow Down Rate (Average),Blow Down Rate(Ave),19,,ボイラからの平均ﾌﾞﾛｰ量,ﾎﾞｲﾗ平均ﾌﾞﾛｰ量,,,Kesselwasserverluste (Durchschnitt),,,,Débit moyen d'extraction de chaudière   ( moyenne ),,19,,锅炉排放率（平均）,,,,鍋爐排放率（平均）,,,,보일러의 평균 블로우량,보일러 평균 블로우량,,,Rango de Blow-down de la Caldera (Promedio),Rango Blow-down de Caldera (Promedio),,,Расход продувки котла,,,,Vazão do nível da caldeira (média),,,,Kazan Blöf Miktarı ( Ortalama ),,,,Wielkość strumienia odsolin (Średnia),,,,Velocità di blow down della Caldaia (media),,,,Descarga de la caldera (promedio),,,,Afblaashoeveelheid boiler (gemiddeld),,,,อัตราการระบายของหม้อต้ม (โดยเฉลี่ย),,,
STM,I,47,FeedWtrRate,0,,!,0,,,1600,,0,0,2,0,mfw,kg/h,lb/h,0,0,0,0,0,0,0,0,0,0,0,0,0,0,0,0,7,0,0,0,0,0,0,0,0,0,0,7,7,7,7,0,0,0,0,0,0,0,0,0,0,0,0,0,0,0,0,0,0,0,0,0,0,0,0,0,0,0,0,0,0,0,0,0,0,0,0,0,0,,Feed Water Rate,Feed Water Rate,19,,ボイラへの給水量,,,,Speisewassermenge,,,,Débit de remplissage d'eau dans la chaudière,,19,,锅炉给水量,,,,鍋爐給水量,,,,보일러 급수량,,,,Rango de Agua de Alimentación,Rango Agua de Alim.,,,Расход питательной воды,,,,Vazão da água de alimentação ,,,,Besi Suyu Miktarı,,,,Strumień wody zasilającej,,,,Velocità dell'acqua di alimento,,,,Agua de alimentación,,,,Hoeveelheid toevoerwater,,,,อัตราการป้อนน้ำ,,,
STM,I,48,FuelCalVal,0,,!,0,,,1900,,0,0,3,2,Hf,kJ/kg,BTU/lb,0,0,0,0,0,0,0,0,0,0,0,0,0,0,0,0,7,7,0,0,0,0,0,0,0,0,0,3,3,3,3,0,0,0,0,0,0,0,0,0,0,0,0,0,0,0,0,0,0,0,0,0,0,0,0,0,0,0,0,0,0,0,0,0,0,0,0,0,0,,Calorific Value of Fuel (Low Value),Fuel Cal Value (L),19,,燃料発熱量(低発熱量),燃料低発熱量,,,Brennstoffheizwert (unterer Wert),,,,Valeur calorifique du fuel,,19,,燃料热值（低值）,,,,燃料熱值（低值）,,,,연료발열량(저위발열량),연료저위발열량,,,Valor Calorifico del Combustible (Valor Bajo),Valor Cal. Comb. (Bajo),,,Калорийность топлива (низшая теплотворная способность),,,,Valor calórico do combustível (Valor Baixo),,,,Yakıtın Kalorifik Değeri(Alt Isıl Değeri),,,,Wartość kaloryczna paliwa (niska wartość),,,,Valore calorifico del carburante (valore basso),,,,Valor calorífico del combustible (valor bajo),,,,Verbrandingswaarde van brandstof (lage waarde),,,,ค่าความร้อนของเชื้อเพลิง (ค่าต่ำ),,,
STM,I,49,FuelConsumption,0,,!,0,,,1600,,0,0,2,0,mfl,kg/h,lb/h,0,0,0,0,0,0,0,0,0,0,0,0,0,0,0,0,7,0,0,0,0,0,0,0,0,0,0,0,0,0,0,0,0,0,0,0,0,0,0,0,0,0,0,0,0,0,0,0,0,0,0,0,0,0,0,0,0,0,0,0,0,0,0,0,0,0,0,0,0,,Fuel Consumption,Fuel Consumption,19,,燃料消費量,,,,Brennstoffverbrauch,,,,Consommation de Fuel,,19,,燃料损耗,,,,燃料損耗,,,,연료소비량,,,,Consumo de Combustible,Consumo Comb.,,,Расход топлива,,,,Consumo do combustível ,,,,Yakıt Tüketimi,,,,Zużycie paliwa,,,,Consumo di carburante,,,,Consumo de combustible,,,,Brandstofverbruik,,,,การบริโภคเชื้อเพลิง,,,
STM,I,50,FuelUnitCost,0,,!,0,,,3300,,0,0,1,0,Cf,$/ton,$/1000lb,0,0,0,0,0,0,0,0,0,0,0,0,0,0,0,0,0,7,0,0,0,0,0,0,0,0,0,0,0,0,0,0,0,0,0,0,0,0,0,0,0,0,0,0,0,0,0,0,0,0,0,0,0,0,0,0,0,0,0,0,0,0,0,0,0,0,0,0,0,,Fuel Unit Cost,Fuel Unit Cost,19,,燃料単価,,,,Brennstoffkosten,,,,Coût du Fuel,,19,,燃料单价,,,,燃料單價,,,,연료단가,,,,Costo Unitario de Combustible,Costo Unit. Comb.,,,Стоимость топлива,,,,Custo por unidade do combustível ,,,,Yakıt Birim Maliyeti,,,,Koszt jednostki paliwa,,,,Costo unitario del carburante,,,,Coste por unidad de combustible,,,,Kosten brandstofeenheid,,,,ต้นทุนต่อหน่วยของเชื้อเพลิง,,,
STM,I,51,BoilerEff,0,100,!,0,=,100,2500,,0,0,0,0,η,%,%,0,0,0,0,0,0,0,0,0,0,0,0,0,0,0,0,0,7,0,0,0,0,0,0,0,0,0,3,3,3,3,0,0,0,0,0,0,0,0,0,0,0,0,0,0,0,0,0,0,0,0,0,0,0,0,0,0,0,0,0,0,0,0,0,0,0,0,0,0,,Boiler Efficiency,Boiler Efficiency,19,,ボイラ効率,,,,Kesselwirkungsgrad,,,,Rendement de la chaudière,,19,,锅炉效率,,,,鍋爐效率,,,,보일러효율,,,,Eficiencia de la Caldera,Eficiencia Caldera,,,КПД котла,,,,Eficiência da caldeira,,,,Kazan Verimi ,,,,Sprawność kotła,,,,Efficienza della caldaia,,,,Eficiencia de la caldera,,,,Boilerrendement,,,,ประสิทธิภาพหม้อต้ม,,,
STM,I,52,EnergyUnitCost,0,,!,0,,,2700,,0,0,2,1,Ce,$/MJ,$/1000BTU,0,0,0,0,0,0,0,0,0,0,0,0,0,0,0,0,0,0,7,0,0,0,0,7,0,0,0,7,7,7,7,0,0,0,0,0,0,0,0,0,0,0,0,0,0,0,0,0,0,0,0,0,0,0,0,0,0,0,0,0,0,0,0,0,0,0,0,0,0,,Energy Unit Cost,Energy Unit Cost,19,,熱量単価,,,,Energiekosten,,,,Coût unitaire de l'énergie,,19,,单位能源成本,,,,單位能源成本,,,,열량단가,,,,Costo Unitario de Energía,Costo Unit. Energía,,,Стоимость энергии,,,,Custo por unidade de energia,,,,Enerji Birim Maliyeti,,,,Koszt jednostki energii,,,,Costo unitario dell'energia,,,,Coste por unidad de energía,,,,Kosten energie-eenheid,,,,ต้นทุนต่อหน่วยของพลังงาน,,,
STM,I,53,EstPrimStmDry,0,,=,0,=,100,2500,,0,0,0,0,X1,%,%,0,0,0,0,0,0,0,0,0,0,0,0,0,0,0,0,0,0,0,7,0,0,0,0,0,0,0,0,0,0,0,0,0,0,0,0,0,0,0,0,0,0,0,0,0,0,0,0,0,0,0,0,0,0,0,0,0,0,0,0,0,0,0,0,0,0,0,0,0,,Estimated Primary Steam Dryness,Est Prmry Stm Dryns,19,,１次側蒸気乾き度,,,,Dampftrockenheitsgrad am Eintritt,,,,Titre de la vapeur primaire,,19,,一次蒸汽干燥度估值,,,,一次蒸汽乾燥度估值,,,,일차측 증기의 건도,,,,Sequedad Estimada de Vapor Primario,Sequedad Est. Vapor Primario,,,Ожидаемая сухость пара,,,,Vapor seco primário estimado,,,,Tahmini Giriş Buhar Kuruluğu,,,,Szacowany wejściowy stopień suchości pary ,,,,Grado di secchezza stimato del vapore primario,,,,Sequedad estimada de vapor primario,,,,Geschatte droogte primaire stoom,,,,การประมาณการแห้งของไอน้ำขั้นแรก,,,
STM,I,54,BoilerCapa,0,,!,0,,,1600,,0,0,2,0,mfwmax,kg/h,lb/h,0,0,0,0,0,0,0,0,0,0,0,0,0,0,0,0,7,0,0,0,0,0,0,0,0,0,0,0,0,0,0,0,0,0,0,0,0,0,0,0,0,0,0,0,0,0,0,0,0,0,0,0,0,0,0,0,0,0,0,0,0,0,0,0,0,0,0,0,0,,Maximum Rated Feed Water Flow Rate,Max FdWater Flow Rt,19,,ボイラ相当蒸発量,,,,Max. Speisewasserzulaufmenge,,,,Débit maximum de remplissage d'eau dans la chaudière ,,19,,额定锅炉给水流量最大值,,,,額定鍋爐給水流量最大值,,,,보일러 상당 증발량,,,,Rango de Flujo Máximo de Agua de Alimentación,Rango Flujo Máx. Agua Alim.,,,Максимальный расход питательной воды,,,,Vazão máxima da água de alimentação,,,,Maksimum Oranda Besi Suyu Debisi,,,,Maksymalny przepływ wody zasilającej ,,,,Portata massima dell'acqua di alimento,,,,Flujo máximo de agua de alimentación,,,,Maximaal nominaal debiet van toevoerwater,,,,อัตราสูงสุดของอัตราการไหลของการป้อนน้ำ,,,
STM,I,55,SeparateEff,0,,=,0,=,100,2500,,0,0,0,0,ηs,%,%,0,0,0,0,0,0,0,0,0,0,0,0,0,0,0,0,0,0,0,0,7,0,0,0,0,0,0,0,0,0,0,0,0,0,0,0,0,0,0,0,0,0,0,0,0,0,0,0,0,0,0,0,0,0,0,0,0,0,0,0,0,0,0,0,0,0,0,0,0,,Separation Efficiency,Separation Efficncy,19,,分離効率,,,,Trocknungsleistung,,,,Taux ( rendement ) de séparation,,19,,汽水分离效率,,,,汽水分離效率,,,,분리효율,,,,Eficiencia de Separación,Eficiencia Separación,,,Эффективность сепарации,,,,Eficiência de separação,,,,Ayrıştırma Verimi ,,,,Sprawność separacji,,,,Efficienza di separazione,,,,Eficiencia de separación,,,,Afscheidingsrendement,,,,ประสิทธิภาพในการแยกตัว,,,
STM,I,56,SepaCond,0,,=,0,,,1600,,0,0,2,0,mc,kg/h,lb/h,0,0,0,0,0,0,0,0,0,0,0,0,0,0,0,0,0,0,0,0,7,0,0,0,0,0,0,0,0,0,0,0,0,0,0,0,0,0,0,0,0,0,0,0,0,0,0,0,0,0,0,0,0,0,0,0,0,0,0,0,0,0,0,0,0,0,0,0,0,,Amount of Condensate Separated,Condensat Separated,19,,分離ドレン量,,,,Abgeschiedene Kondensatmenge,,,,Quantité de condensât séparé             ( récupéré) ,,19,,分离出的冷凝水量,,,,分離出的冷凝水量,,,,분리 응축수량,,,,Monto de Condensado Separado,Monto Condensado Separado,,,Количество сепарированного конденсата,,,,Quantidade de condensado separado,,,,Kondens Ayrıştırma Miktarı,,,,Ilość wykroplonego kondensatu,,,,Quantità di condensa separata,,,,Cantidad de condensado separado,,,,Hoeveelheid afgescheiden condensaat,,,,จำนวนของการควบแน่นที่แยกตัว,,,
STM,I,57,InsThick,0,,=,0,,,0200,,0,0,3,0,L,m,ft,0,0,0,0,0,0,0,0,0,7,7,0,0,0,0,0,0,0,0,0,0,0,0,0,0,0,0,0,0,0,0,0,0,0,0,0,0,0,0,0,0,0,0,0,0,0,0,0,0,0,0,0,0,0,0,0,0,0,0,0,0,0,0,0,0,0,0,0,0,,Insulation Thickness,Insulation Thicknss,19,,保温材の厚さ,,,,Isolierstärke,,,,Epaisseur d'isolation,,19,,保温层厚度,,,,保溫層厚度,,,,보온재의 두께,,,,Espesor de Aislamiento,Esp. Aislamiento,,,Толщина теплоизоляционного покрытия,,,,Espessura do isolamento,,,,Yalıtım Kalınlığı,,,,Grubość izolacji,,,,Spessore dell'isolamento,,,,Espesor de aislamiento,,,,Isolatiedikte,,,,ความหนาของฉนวน,,,
STM,I,58,AirVolume,0,,!,0,,,2500,,0,0,0,0,a,%,%,0,0,0,0,0,0,0,0,0,0,0,0,0,0,0,0,0,0,0,0,0,7,0,0,0,0,0,0,0,0,0,0,0,0,0,0,0,0,0,0,0,0,0,0,0,0,0,0,0,0,0,0,0,0,0,0,0,0,0,0,0,0,0,0,0,0,0,0,0,,Air % of Total Volume,Air % Total Volume,19,,空気体積比,,,,Luftanteil am Gesamtvolumen,,,,Ratio d'air par rapport au volume total,,19,,空气占总体积,,,,空氣佔總體積,,,,에어의 체적비,,,,% de Aire del Volumen Total,% Aire de Vol. Total,,,% содержания воздуха,,,,% de ar do volume total ,,,,Toplam hacmin hava yüzdesi,,,,Powietrze jako % objętości całkowitej,,,,Percentuale d'aria sul volume totale,,,,% de aire del volumen total,,,,Lucht % van totaal volume,,,,อากาศ % ของความจุทั้งหมด,,,
STM,I,59,TempOfMix,0,100,!,0,=,800,0100,,0,0,1,0,Tm,°C,°F,0,0,0,0,0,0,0,0,0,0,0,0,0,0,0,0,0,0,0,0,0,0,3,0,0,0,0,4,0,0,0,0,0,0,0,0,0,0,0,0,0,0,0,0,0,0,0,0,0,0,0,0,0,0,0,0,0,0,0,0,0,0,0,0,0,0,0,0,0,,Mixture Temperature,Mixture Temperature,19,,混合気体の温度,,,,Gemischtemperatur,,,,Température de mélange,,19,,混合温度,,,,混合溫度,,,,혼합기체의 온도,,,,Temperatura de Mezcla,Temp. Mezcla,,,Температура смеси,,,,Temperatura da mistura ,,,,Karışım Sıcaklığı,,,,Temperatura mieszaniny,,,,Temperatura di miscelamento,,,,Temperatura de mezcla,,,,Mengseltemperatuur,,,,อุณหภูมิของส่วนผสม,,,
ALL,I,60,Friction,0,,,,,,,,-1,-1,-1,-1,μ,,,0,0,0,0,0,0,0,0,0,0,0,0,0,0,0,0,0,0,0,0,0,0,0,0,0,0,0,0,0,0,0,0,0,0,0,0,0,0,0,0,0,0,0,0,0,0,0,0,0,0,0,0,0,0,0,0,0,0,0,0,0,0,0,0,0,0,0,0,0,,Coefficient of Friction ,Friction Coefficient,19,,摩擦係数,,,,Reibungskoeffizient,,,,Coefficient de friction,,19,,摩擦系数,,,,摩擦係數,,,,마찰계수,,,,Coeficiente de Fricción,Coef. Fricción,,,Коэффициент трения,,,,Coeficiente de atrito,,,,Sürtünme katsayısı,,,,Współczynnik tarcia,,,,Coefficiente di frizione,,,,Coeficiente de fricción,,,,Wrijvingscoëfficiënt ,,,,ค่าสัมประสิทธิ์ของแรงเสียดทาน ,,,
CND,I,61,RawWtrTemp,0,,=,0,,,0100,,0,0,1,0,Trw,°C,°F,0,0,0,0,0,0,0,0,0,0,0,0,0,0,0,0,0,0,0,0,0,0,0,0,0,0,0,0,0,3,3,0,0,0,0,0,0,0,0,0,0,0,0,0,0,0,0,0,0,0,0,0,0,0,0,0,0,0,0,0,0,0,0,0,0,0,0,0,0,,Raw Water Temperature,Raw Water Temp,19,,原水温度,,,,Frischwassertemperatur,,,,Température de l'eau brute,,19,,原水温度,,,,原水溫度,,,,원수온도,,,,Temperatura de Agua Cruda,Temp. Agua Cruda,,,Температура сырой воды,,,,Temperatura da água bruta,,,,Ham Su Sıcaklığı,,,,Temperatura wody surowej,,,,Temperatura dell'acqua grezza,,,,Temperatura de agua natural,,,,Temperatuur van onbehandeld water,,,,อุณหภูมิน้ำดิบ,,,
STM,I,63,LaborCost,0,,!,0,,,2900,,0,0,1,0,Ci2,x1000$/m³,x1000$/ft³,0,0,0,0,0,0,0,0,0,0,0,0,0,0,0,0,0,0,0,0,0,0,0,7,0,0,0,0,0,0,0,0,0,0,0,0,0,0,0,0,0,0,0,0,0,0,0,0,0,0,0,0,0,0,0,0,0,0,0,0,0,0,0,0,0,0,0,0,0,,Insulation and Labor Costs,Insltn & Labor Cost,19,Insulation materials and labor costs per 1m^3 (35.3 ft^3) of insulation.,保温施工費,,,保温材 1m^3 （35.3ft^3）当たりの材料費及び施工費を入力してください。,Isolier- & Arbeitskosten,,,Kosten für Isolierung und Arbeitszeit pro 1 m^3 (35.3ft^3) eingeben.,Calorifugeage et coût de la main d'œuvre,,19,Coût du calorifuge et coût horaire de la main d'œuvre par m3 de calorifugeage,保温&人工成本,,,保温材料及每立方米保温材料的人工成本。,保溫&人工成本,,,保溫材料及每立方米保溫材料的人工成本。,보온시공비,,,보온재 1m^3 （35.3ft^3）당의 재료비와 시공비를 입력해 주십시오.,Costos de Aislamiento y Mano de Obra,Costos Aislamiento y Mano Obra,,Costos de Material de Aislamiento y Mano de Obra por 1m3. (35.3 pies3) de Aislamiento.,Изоляционные и трудовые затраты,,,Изоляционные материалы и затраты на оплату труда за 1m^3 (35.3 ft^3) изоляции.,Isolamento e custos da mão de obra,,,Materiais de isolamento e custos da mão de obra por 1m^3 (35.3 ft^3) do isolamento.,Yaltım ve İşçilik Maliyetleri,,,Yaltımın her 1 m^3 ü(35.3 ft^3 )için yaltım malzemeleri ve işçilik maliyetleri,Izolacja oraz koszty robocizny,,,Koszty materiałowa oraz robocizny dla 1 m^3 (35.4 ft^3) izolacji.,Isolamento e costo manodopera,,,Materiali d'isolamento e costo del lavoro per 1m^3 (35.3 ft^3) di isolamento. ,Costes de aislamiento y mano de obra,,,"Costes de material de aislamiento y mano de obra por 1 m3 (35,3 ft3) de aislamiento.",Isolatie- en arbeidskosten,,,"Isolatiemateriaal- en arbeidskosten per 1 m^3 (35,3 ft^3) isolatie.",ฉนวนและค่าแรง,,,วัสดุของฉนวนและค่าแรงต่อ 1 m^3 (35.3 ft^3) ของฉนวน
STM,I,62,Annual,0,,!,0,,,2800,,2,2,2,2,h,h,h,0,0,0,0,0,0,0,0,0,0,0,0,0,0,0,0,0,0,0,0,0,0,0,7,0,0,0,7,7,7,7,0,0,0,0,0,0,0,0,0,0,0,0,0,0,0,0,0,0,0,0,0,0,0,0,0,0,0,0,0,0,0,0,0,0,0,0,0,0,,Annual Operating Hours,Annual Operating Hr,19,,年間稼動時間,,,,Jährl. Betriebsstunden,,,,Nombre d'heures annuelles de travail ,,19,,年运行小时,,,,年運行小時,,,,년간가동시간,,,,Horas de Operación Anual,Horas Op. Anual,,,Количество рабочих часов в году,,,,Horas de operação anual,,,,Yıllık Çalışma Saatleri,,,,Roczna ilość godzin pracy,,,,Ore annue di operatività,,,,Horas de funcionamiento anual,,,,Jaarlijkse bedrijfsuren,,,,ชั่วโมงทำการประจำปี,,,
STM,I,64,InterestRate,0,,=,0,,,2500,,0,0,0,0,i,%,%,0,0,0,0,0,0,0,0,0,0,0,0,0,0,0,0,0,0,0,0,0,0,0,7,0,0,0,0,0,0,0,0,0,0,0,0,0,0,0,0,0,0,0,0,0,0,0,0,0,0,0,0,0,0,0,0,0,0,0,0,0,0,0,0,0,0,0,0,0,,Annual Interest Rate,Anual Interest Rate,19,,金利,,,,Zinssatz,,,,Taux d'intérêt annuel,,19,,年利率,,,,年利率,,,,금리,,,,Rango de Interés Anual,Rango Interés Anual,,,Годовая процентная ставка,,,,Taxa de juros anual,,,,Yıllık Faiz Oranı,,,,Roczna stopa procentowa,,,,Tasso di interesse annuale,,,,Tipo de interés anual,,,,Jaarlijks rentepercentage,,,,อัตราดอกเบี้ยประจำปี,,,
STM,I,65,PaybackPeriod,0,,!,0,,,3400,,0,0,0,0,m,year,yr,0,0,0,0,0,0,0,0,0,0,0,0,0,0,0,0,0,0,0,0,0,0,0,7,0,0,0,0,0,0,0,0,0,0,0,0,0,0,0,0,0,0,0,0,0,0,0,0,0,0,0,0,0,0,0,0,0,0,0,0,0,0,0,0,0,0,0,0,0,,Payback Period (Years),Payback Period (Yr),19,,償却年数,,,,Amortisationszeitraum (Jahre),,,,Retour sur investissement ( en années ),,19,,投资回报期（年）,,,,投資回報期（年）,,,,채산년수,,,,Periodo de Retorno de Inversión (Años),Periodo Ret. Inversión (Años),,,Период окупаемости,,,,Período de retorno (Anos),,,,Geri Ödeme Süresi (Yıllar),,,,Okres zwrotu (Lata),,,,Periodo di rimborso (anni),,,,Periodo de retorno de la inversión (años),,,,Terugbetaalperiode (jaren),,,,ระยะเวลาคืนทุน (ปี),,,
ALL,I,66,AllowPressLoss,0,,!,0,,,1000,,0,3,2,4,-,kPa,psi,3,0,0,0,0,0,0,0,0,0,0,0,0,0,0,0,0,0,0,0,0,0,0,0,0,0,0,0,0,0,0,0,3,0,0,0,3,0,0,0,0,0,0,0,0,3,0,0,0,0,0,0,0,0,0,0,0,0,0,0,0,0,0,0,0,0,0,0,0,,Maximum Allowable Pressure Loss,Max Allow Pres Loss,19,,許容圧損,,,,Max. zul. Druckverlust,,,,Perte de charge maximum admissible,,19,,最大允许压损,,,,最大允許壓損,,,,허용압력손실,,,,Máxima Pérdida de Presión Permisible,Máx. Pérdida Presión Permisible,,,Максимально допустимые потери давления,,,,Perda de pressão máxima permitida,,,,Maksimum Müsaade Edilebilir Basınç Kaybı,,,,Maksymalny dopuszczalny spadek ciśnienia,,,,Massima perdita di pressione consentita,,,,Máxima pérdida de presión permisible,,,,Maximaal toelaatbaar drukverlies,,,,การเสียความดันที่ยอมได้สูงสุด,,,
ALL,I,67,UpperVeloStm,0,30,!,0,,,1200,,0,0,3,0,-,m/s,ft/s,0,3,0,0,0,0,0,0,0,0,0,0,0,0,0,0,0,0,0,0,0,0,0,0,0,0,0,0,0,0,0,0,0,0,0,0,0,0,0,0,0,0,0,0,0,0,0,0,0,0,0,0,0,0,0,0,0,0,0,0,0,0,0,0,0,0,0,0,0,,Maximum Allowable Velocity,Max Allowable Vel,19,Default value only provided as reference. Enter correct velocity for your application.,上限流速,,,デフォルト値は入力例です。用途にあっている流速を入力してください。,Max. zul. Fliessgeschwindigkeit,,,Der vorgegebene Referenzwert spiegelt übliche Erfahrungswerte wieder. Bei Bedarf bitte einen für die eigene Anwendung passende Fließgeschwindikeit eingeben.,Vitesse maximum admissible,,19,La valeur par défaut a été fournie à titre de référence seulement. Veuillez entrer la vitesse qui s'applique à votre système.,最大允许流速,,,默认值仅提供参考。请输入您要求的实际流速。,最大允許流速,,,默認值僅提供參考。請輸入您要求的實際流速。,상한유속,,,수치의 입력예 입니다. 용도에 알맞은 유속을 입력해 주십시오.,Velocidad Máxima Permisible,Vel. Max. Permisible,,El valor predeterminado que se muestra es solo como referencia. Favor de ingresar el valor de velocidad correcto para tu aplicación.,Максимально допустимая скорость,,,Значение по умолчанию только для примера. Введите правильное значение.,Velocidade máxima permitida,,,O valor padrão fornecido apenas como referência. Introduzir a velocidade correta para sua aplicação. ,Maksimum Müsaade Edlebilir Hız,,,Varsayılan değer sadece referans olarak sağlanmıştır. Uygulamanız için doğru hız değerini giriniz. ,Maksymalna dopuszczalna prędkość,,,Wartość domyślna podana jako odniesienie. Podaj prawidłową wartość prędkości dla danej aplikacji.,Massima velocità consentita,,,Il valore di default fornisce solamente un riferimento. Inserire la velocità corretta per la vostra applicazione.,Velocidad máxima permisible,,,El valor predeterminado que se muestra es solo una referencia. Introduzca el valor de velocidad correcto para su aplicación.,Maximaal toelaatbare snelheid,,,Standaardwaarde alleen gegeven als referentie. Voer de correcte snelheid voor uw toepassing in.,ความเร็วที่ยอมได้สูงสุด,,,ค่าเริ่มต้นเป็นแค่ค่าอ้างอิงเท่านั้น ป้อนความเร็วที่ถูกต้องกับการใช้งานของคุณ
ALL,I,107,UpperVeloStm2,0,15,!,0,,,1200,,0,0,3,0,-,m/s,ft/s,0,0,3,0,0,0,0,0,0,0,0,0,0,0,0,0,0,0,0,0,0,0,0,0,0,0,0,0,0,0,0,0,0,0,0,0,0,0,0,0,0,0,0,0,0,0,0,0,0,0,0,0,0,0,0,0,0,0,0,0,0,0,0,0,0,0,0,0,0,,Maximum Allowable Velocity,Max Allowable Vel,19,Default value only provided as reference. Enter correct velocity for your application.,上限流速,,,デフォルト値は入力例です。用途にあっている流速を入力してください。,Max. zul. Fliessgeschwindigkeit,,,Der vorgegebene Referenzwert spiegelt übliche Erfahrungswerte wieder. Bei Bedarf bitte einen für die eigene Anwendung passende Fließgeschwindikeit eingeben.,Vitesse maximum admissible,,19,La valeur par défaut a été fournie à titre de référence seulement. Veuillez entrer la vitesse qui s'applique à votre système.,最大允许流速,,,默认值仅提供参考。请输入您要求的实际流速。,最大允許流速,,,默認值僅提供參考。請輸入您要求的實際流速。,상한유속,,,수치의 입력예 입니다. 용도에 알맞은 유속을 입력해 주십시오.,Velocidad Máxima Permisible,Vel. Max. Permisible,,El valor predeterminado que se muestra es solo como referencia. Favor de ingresar el valor de velocidad correcto para tu aplicación.,Максимально допустимая скорость,,,Значение по умолчанию только для примера. Введите правильное значение.,Velocidade máxima permitida,,,O valor padrão fornecido apenas como referência. Introduzir a velocidade correta para sua aplicação.  ,Maksimum Müsaade Edilebilir Hız,,,Varsayılan değer sadece referans olarak sağlanmıştır. Uygulamanız için doğru hız değerini giriniz.,Maksymalna dopuszczalna prędkość,,,Wartość domyślna podana jako odniesienie. Podaj prawidłową wartość prędkości dla danej aplikacji.,Massima velocità consentita,,,Il valore di default fornisce solamente un riferimento. Inserire la velocità corretta per la vostra applicazione.,Velocidad máxima permisible,,,El valor predeterminado que se muestra es solo una referencia. Introduzca el valor de velocidad correcto para su aplicación.,Maximaal toelaatbare snelheid,,,Standaardwaarde alleen gegeven als referentie. Voer de correcte snelheid voor uw toepassing in.,ความเร็วที่ยอมได้สูงสุด,,,ค่าเริ่มต้นเป็นแค่ค่าอ้างอิงเท่านั้น ป้อนความเร็วที่ถูกต้องกับการใช้งานของคุณ
ALL,I,68,PipeLen,0,,!,0,,,0200,,2,2,4,2,l,m,ft,7,7,7,7,0,0,0,0,0,7,3,0,0,0,0,0,0,0,0,0,0,0,0,7,0,0,0,0,0,0,0,0,7,7,0,0,7,7,7,0,0,0,0,0,0,7,7,7,7,0,0,0,0,0,0,0,0,0,0,0,0,0,0,0,0,0,0,0,0,,Pipe Length,Pipe Length,19,Enter the total length of straight piping.,配管長さ,,,直管部の長さの合計を入力して下さい。,Rohrleitungslänge,,,Gesamtlänge der geraden Rohrleitung eingeben.,Longueur de tuyauterie,,19,Entrer la longueur totale de tuyauterie droite,管道长度,,,请输入直管的总长度。,管道長度,,,請輸入直管的總長度。,배관길이,,,직관부 길이의 합계를 입력해 주십시오.,Longitud de la Tubería,Long. de la Tubería,,Introduzca la longitud total de tubería horizontal.,Длина трубопровода,,,Введите полную длину трубопровода,Comprimento da tubulação,,,Introduza o comprimento linear total da tubulação.,Boru Uzunluğu,,,Düz boru hattının toplam uzunluğunu giriniz.,Długość rurociągu,,,Podaj całkowitą długość odcinków prostych rurociągów.,Lunghezza della tubazione,,,Inserire la lunghezza totale della tubazione diritta,Longitud de la tubería,,,Introduzca la longitud total de la tubería horizontal.,Leidinglengte,,,Voer de totale lengte van de rechte leidingen in.,ความยาวท่อ,,,ป้อนความยาวทั้งหมดของท่อตรง
ALL,I,69,ObsFloNo,0,,=,0,,,,,-1,-1,-1,-1,-,,,1,1,0,1,0,0,0,0,0,0,0,0,0,0,0,0,0,0,0,0,0,0,0,0,0,0,0,0,0,0,0,0,1,1,0,0,1,1,1,0,0,0,0,0,0,1,1,1,1,0,0,0,0,0,0,0,0,0,0,0,0,0,0,0,0,0,0,0,0,,Obstructed Flow Valves (e.g.Globe) (Qt'y),Obstr Flw Valv,19,Enter the number of obstructed flow type valves (i.e. globe vlaves) used in the piping.,玉形弁（個）,,,配管中に使われている玉形弁の個数を入力して下さい。,Anzahl Absperrventile,,,Anzahl der Ventile mit umgelenktem Durchfluss (z.B. Absperrventile) eingeben.,Nombre de vannes à passage standard,,19,Entrer le nombre de vannes ou robinets ( à passage réduit )en place sur la tuyauterie,截止阀（个）,,,请输入管路中截止阀的数量。,截止閥（個）,,,請輸入管路中截止閥的數量。,글로브 밸브(개),,,배관에서 사용되고 있는 글로브 밸브의 수량을 입력해 주십시오.,Válvulas de Flujo Cerradas (ej. Globo) (Cant),Valv. de Flujo Cerradas (ej. Globo) (Cant),,Introduzca el numero de válvulas de tipo obstrucción de flujo (Ej. Válvulas tipo globo) utilizadas en la tubería.,Клапаны с изменяемым направлением потока (вентили и т.п.) (кол-во),,,Введите количество клапанов с изменением потока (вентили и пр.,Válvulas de bloqueio de fluxo (ex.Globo) (Qt'y),,,Introduza o número das válvulas de bloqueio de fluxo (Ex. válvula globo) usada na tubulação.,Tıkalı ya da Kapalı Akış Valfleri ( Globe vb. gibi ) ( Adet),,,Boru hattında bulunan tıkalı veya kapalı akış valflerinin sayısını giriniz.,Zawór z zaburzonym przepływem (np. grzybkowe) (Ilość),,,Podaj ilość zaworów z przepływem zaburzonym (np. grzybkowe) wykorzystanych na rurociągu.,Valvole di flusso ostruite (e.g. a globo) (Qnt),,,Inserire il numero delle valvole ostruite (i.e. valvole a globo) usate nella tubazione,"Válvulas de flujo cerradas (ej., esféricas) (cant.)",,,"Introduzca el número de válvulas de obstrucción de flujo (ej., válvulas esféricas) utilizadas en la tubería.",Verstopte stroomkleppen (bijv. bolkraan) (aantal),,,Voer het aantal verstopte stroomkleppen (d.w.z. bolkranen) in die in de leidingen worden gebruikt.,วาล์วปิดกั้นการไหล (เช่น โกลบวาล์ว) (ปริมาณ),,,ป้อนจำนวนของวาล์วประเภทปิดกั้นการไหล (เช่น โกลบวาล์ว) ที่จะใช้กับท่อ
ALL,I,70,ThruFloNo,0,,=,0,,,,,-1,-1,-1,-1,-,,,1,1,0,1,0,0,0,0,0,0,0,0,0,0,0,0,0,0,0,0,0,0,0,0,0,0,0,0,0,0,0,0,1,1,0,0,1,1,1,0,0,0,0,0,0,1,1,1,1,0,0,0,0,0,0,0,0,0,0,0,0,0,0,0,0,0,0,0,0,,Through Flow Valves (e.g. Gate) (Qt'y),Thru Flow Valv,19,Enter the number of through flow type valves (i.e. gate valves) used in the piping,仕切弁（個）,,,配管中に使われている仕切弁の個数を入力して下さい。,Anzahl Absperrschieber,,,Anzahl der Ventile mit geradem Durchfluss (z.B. Absperrschieber/-klappen) eingeben.,Nombre de vannes à passage direct,,19,Entrer le nombre de vannes ou robinets ( à passage droit  ) en place sur la tuyauterie,"闸阀（个）
",,,请输入管路中闸阀的数量。,"閘閥（個）
",,,請輸入管路中閘閥的數量。,게이트 밸브(개),,,배관에서 사용되고 있는 게이트 밸브의 수량을 입력해 주십시오.,Válvulas de Flujo Instaladas (ej. Comp) (Cant),Valv. de Flujo Instaladas (ej. Comp) (Cant),,Introduzca el numero válvulas de tipo paso de flujo (Ej.. Válvulas de compuerta) utilizadas en la tubería.,Проходные клапаны (задвижки и т.п.) (кол-во),,,Введите количество клапанов с неизменным направлением потока (задвижки и пр.),válvulas de passagem de fluxo (ex. Gaveta) (Qt'y),,,Introduza o número das válvulas de passagem direta de fluxo.,Akış Valfleri Kanalıyla( Gate vb. gibi )  ( Adet ),,,Boru hattında bulunan Akış Valflerinin sayısını giriniz.,Zawory pełnoprzelotowe (np. Zasuwy) (Ilość),,,Podaj ilość zaworów z pełnym przelotem.,Valvole di flusso chiuse (e.g. a saracinesca) (Qnt),,,Inserire il numero delle valvole di chiusura di flusso (i.e. valvole a saracinesca) usate nella tubazione,"Válvulas de flujo instaladas (ej., compuerta) (cant.)",,,"Introduzca el número de válvulas de paso de flujo (ej., válvulas de compuerta) utilizadas en la tubería.",Doorstroomkleppen (bijv. schuifafsluiter) (aantal),,,Voer het aantal doorstroomkleppen (d.w.z. schuifafsluiters) in die in de leidingen worden gebruikt.,วาล์วแบบไหลผ่าน (เช่น เกทวาล์ว) (ปริมาณ),,,ป้อนจำนวนของวาล์วประเภทไหลผ่าน (เช่น เกทวาล์ว) ที่จะใช้กับท่อ
ALL,I,71,CheckNo,0,,=,0,,,,,-1,-1,-1,-1,-,,,1,1,0,1,0,0,0,0,0,0,0,0,0,0,0,0,0,0,0,0,0,0,0,0,0,0,0,0,0,0,0,0,1,1,0,0,1,1,1,0,0,0,0,0,0,1,1,1,1,0,0,0,0,0,0,0,0,0,0,0,0,0,0,0,0,0,0,0,0,,Check Valves (Qt'y),Check Valves,19,Enter the number of check valves used in the piping.,スイング逆止弁（個）,,,配管中に使われているスイング逆止弁の個数を入力して下さい。,Anzahl Rückschlagventile,,,Anzahl der Rückschlagventile eingeben.,Clapet de non retour,,19,Entrer le nombre de clapets en place sur la tuyauterie,止回阀（个）,,,请输入管路中止回阀的数量。,止回閥（個）,,,請輸入管路中止回閥的數量。,스윙식 체크밸브(개),,,배관에서 사용되고 있는 스윙식 체크밸브의 수량을 입력해 주십시오.,Válvulas Check (Cant),Valv. Check (Cant),,Introduzca el numero de válvulas check utilizadas en la tubería.,Обратные клапаны (кол-во),,,Введите количество обратных клапанов на трубопроводе,Válvulas de retenção (Qt'y),,,Introduza o número das válvulas de retenção usadas na tubulação.,Çek Valfler (Adet ),,,Boru hattında kullanılan Çek Valflerin sayısını giriniz.,Zawory zwrotne (ilość),,,Podaj ilość zaworów zwrotnych wykorzystanych na rurociągu.,Valvole di ritegno (Qnt),,,Inserire il numero delle valvole di ritegno usate nella tubazione,Válvulas antirretorno (cant.),,,Introduzca el número de válvulas antirretorno utilizadas en la tubería.,Terugslagkleppen (aantal),,,Voer het aantal terugslagkleppen in die in de leidingen worden gebruikt.,วาล์วกันกลับ (ปริมาณ),,,ป้อนจำนวนของวาล์วกันกลับที่จะใช้กับท่อ
ALL,I,72,ElbowNo,0,,=,0,,,,,-1,-1,-1,-1,-,,,1,1,0,1,0,0,0,0,0,0,0,0,0,0,0,0,0,0,0,0,0,0,0,0,0,0,0,0,0,0,0,0,1,1,0,0,1,1,1,0,0,0,0,0,0,1,1,1,1,0,0,0,0,0,0,0,0,0,0,0,0,0,0,0,0,0,0,0,0,,Elbows (Qt'y),Elbows,19,Enter the number of elbows used in the piping.,エルボ（個）,,,配管中に使われているエルボの個数を入力して下さい。,Anzahl Rohrkrümmer,,,Anzahl der Rohrkrümmer in der Rohrleitung eingeben.,Coudes ( quantité ),,19,Entrer le nombre de coudes en place sur la tuyauterie,弯管（个）,,,请输入管路中弯管的数量。,彎管（個）,,,請輸入管路中彎管的數量。,엘보(개),,,배관에서 사용되고 있는 엘보의 수량을 입력해 주십시오.,Codos (Cant),Codos (Cant),,,Отводы (кол-во),,,Введите количество отводов.,Curvas (Qt'y) ,,,Introduza o número de curvas usadas na tubulação.,Dirsekler ( Adet ),,,Boru hattında kullanılan dirseklerin sayısını giriniz.,Kolana (Ilość),,,Podaj ilość kolan wykorzystanych w rurociągu.,Curve (Qnt),,,Inserire il numero di curve usate nella tubazione,Codos (cant.),,,,Ellebogen (aantal),,,Voer het aantal ellebogen in die in de leidingen worden gebruikt.,ข้อต่อ (ปริมาณ),,,ป้อนจำนวนของข้อต่อที่จะใช้กับท่อ
ALL,I,73,PipeRough,0,0.05,=,0,,,0200,,0,0,3,0,-,mm,in,1,1,1,1,0,0,0,0,0,0,0,0,0,0,0,0,0,0,0,0,0,0,0,0,0,0,0,0,0,0,0,0,1,1,0,0,1,1,1,0,0,0,0,0,0,1,1,1,1,0,0,0,0,0,0,0,0,0,0,0,0,0,0,0,0,0,0,0,0,,Roughness of Interior Pipe Wall ,Pipe Int Roughness,19,"As pipe ages, the pipe interior becomes rougher, and the pressure loss will increase. ",内面粗さ,,,配管内部表面の粗さを入力して下さい。配管が古くなるとこの値が大きくなり、圧力損失が大きくなります。,Rohrrauhigkeitsfaktor,,,"Mit Alterung der Rohre erhöht sich dieser Wert und der Druckverlust nimmt zu (Neues Stahlrohr: ca. 0,05 ; Gezogenes Rohr: ca. 0,0015 ; Verzinktes Rohr: ca. 0,15).",Rugosité de la paroi intérieure de la tuyauterie,,19,"Lorsque la tuyauterie est usée, la surface intérieure de celle-ci devient rugueuse et la perte de charge va augmenter",管道粗糙度,,,随着管道老化，管道内壁会变得粗糙，压损增加。,管道粗糙度,,,隨著管道老化，管道內壁會變得粗糙，壓損增加。,내면의 거침정도,,,배관내부 표면의 거침정도를 입력해 주십시오. 배관이 오래될 수록 수치는 커지며 이에따라 압력손실이 커지게 됩니다.,Rugosidad Interna de la Tubería,Rugosidad Int. de Tubería,,"Conforme la tubería envejece, la parte interior se vuelve mas rugosa, e incrementa la caída de presión.","Возраст трубы влияет на поверхность, делая ее более грубой со временем.",,,,Rugosidade da parede interna da tubulação,,,"Com o envelhecimento da tubulação, o interior torna-se mais áspero, e a perda de pressão começa aumentar. ",İç Boru Duvarının Pürüzlülüğü,,,Boru yaşına bağlı olarak kadar borunun içi daha pürüzlü hale gelir ve böylece basıç kaybı da artacaktır.,Chropowatość wewnętrzna rurociągu,,,"Z biegiem czasu, powierzchnia wewnętrzna staje się bardziej chropowata zwiększając spadek ciśnienia.",Rugosità della parete interna della tubazione,,,Con l'invecchiamento della tubazione la superficie interiore diventa maggiormente corrugata e la perdita di pressione aumenta,Rugosidad interna de la tubería,,,"A medida que la tubería envejece, la parte interior se vuelve más rugosa y aumenta la caída de presión.",Ruwheid van binnenwand van leiding ,,,"Naarmate de leiding ouder wordt, wordt de binnenwand van de leiding ruwer en neemt het drukverlies toe. ",ความขรุขระของผนังท่อภายใน ,,,ด้วยอายุของท่อ ภายในท่อจะขรุขระมากขึ้นและการเสียความดันก็จะเพิ่มขึ้น 
ALL,I,74,CvValue,0,,!,0,,,2600,,2,2,0,0,Cv,Cv,Cv (US),0,0,0,0,0,0,7,0,0,0,0,0,0,0,0,0,0,0,0,0,0,0,0,0,0,0,0,0,0,0,0,0,0,0,0,0,0,0,0,0,0,7,0,0,0,0,0,0,0,0,0,7,0,0,0,0,0,0,0,0,0,0,0,0,0,0,0,0,0,,Valve Cv Value,Valve Cv Value,19,,バルブのCv値,,,,Kv-Wert Ventil,,,,Cv de vanne,,19,,阀门Cv值,,,,閥門Cv值,,,,밸브의 Cv치,,,,Valor de Cv de la Válvula,Valor Cv Válvula,,,Kv клапана,,,,Valor do Cv da válvula,,,,"Valf Cv Değeri,",,,,Wartość Cv zaworu,,,,Valore di Cv della valvola,,,,Valor de Cv de la válvula,,,,Cv-waarde van klep,,,,ค่า Cv ของวาล์ว,,,
ALL,I,75,OrificeDiam,0,,!,0,,,0200,,0,0,3,0,do,mm,in,0,0,0,0,0,0,0,0,7,0,0,0,0,0,0,0,0,0,0,0,0,0,0,0,0,0,0,0,0,0,0,0,0,0,0,0,0,0,0,0,0,0,0,7,0,0,0,0,0,0,0,0,0,7,0,0,0,0,0,0,0,0,0,0,0,0,0,0,0,,Diameter of Orifice,Diameter of Orifice,19,,オリフィス径,,,,Blendendurchmesser,,,,Diamètre d'orifice,,19,,孔板直径,,,,孔板直徑,,,,오리피스의 사이즈,,,,Diámetro de Orificio,Dia. Orificio,,,Диаметр проходного сечения,,,,Diâmetro do orifício,,,,Orifis Çapı,,,,Średnica kryzy,,,,Diametro dell'orifizio,,,,Diámetro de orificio,,,,Diameter van boring,,,,เส้นผ่านศูนย์กลางของออริฟิซ,,,
ALL,I,76,DischargeCoeff,0,0.7,!,0,=,1,,,-1,-1,-1,-1,C,,,0,0,0,0,0,0,0,0,5,0,0,0,0,0,0,0,0,0,0,0,0,0,0,0,0,0,0,0,0,0,0,0,0,0,0,0,0,0,0,0,0,0,0,5,0,0,0,0,0,0,0,0,0,5,0,0,0,0,0,0,0,0,0,0,0,0,0,0,0,,Discharge Coefficient,Discharge Coeff,19,"The maximum discharge coefficient is 1.0 and occurs when flow is through a circular, sharp edge orifice without obstruction to atmosphere.",流量係数,,,流量係数はオリフィス形状により決定されます。ＭＡＸ値は１です。,Durchflussbeiwert,,,Der maximale Durchflussbeiwert ist 1.0 für den Durchfluss durch eine runde scharfkantige Blende ohne Behinderung ins Freie.,Coefficient de décharge,,19,"Le coefficient de ""décharge"" est 1 et ceci est effectif lorsque le flux passe à travers un orifice circulaire, à bord aigu, sans obstruction vers l'atmosphère.",排放系数,,,当流体从圆形、锐边管口流入大气时排放系数最大，为1.0。,排放係數,,,當流體從圓形、銳邊管口流入大氣時排放係數最大，為1.0。,유량계수,,,유량은 오리피스형태에 따라 결정됩니다. ＭＡＸ치는 １입니다.,Coeficiente de Descarga,Coef. Descarga,,El Máximo Coeficiente de Descarga es 1.0 y ocurre cuando el flujo pasa a través de un orificio circular sin obstrucción a la atmósfera.,Коэффициент расхода,,,"Максимальный коэффициент 1,0. Он обеспечивается когда поток проходит через отверстие круглого сечения без кромок в атмосферу",Coeficiente de descarga ,,,"O coeficiente máximo de discarga é 1.0 e ocorre quando o fluxo é através de uma circular, oríficio com borda afiada sem obstrução para atmosféra.",Tahliye Katsayısı ,,,"Maksimum tahliye katsayısı 1 dir ve akış dairesel,keskin köşeli orifis kanalıyla karşı basınçsız atmosfere olduğu zaman meydana gelir",Współczynnik wypływu,,,Maksymalny współczynnik wypływu wynosi 1.0 i występuje podczas przepływu przez kryzę okrągłą o ostrych brzegach z wylotem bezpośrednio do atmosfery.,Coefficiente di scarico,,,Il coefficiente di scarto massimo  è 1.0 e questo si verifica quando il flusso passa attraverso un cerchio con bordi affilati senza ostruzione all'atmosfera,Coeficiente de descarga,,,"El coeficiente de descarga máximo es 1,0 y se da cuando el flujo pasa de un orificio circular sin obstrucción a la atmósfera.",Afvoercoëfficiënt,,,"De maximale afvoercoëfficiënt is 1,0 en treedt op wanneer de stroming door een cirkelvormige boring met scherpe rand zonder blootstelling aan de atmosfeer plaatsvindt.",สัมประสิทธิ์อัตราการไหล,,,สัมประสิทธิ์อัตราการไหลสูงสุดคือ 1.0 และเกิดขึ้นเมื่อไหลผ่านออริฟิซขอบกลมแหลมโดยไม่มีสิ่งปิดกั้นขึ้นไปยังอากาศ
ALL,I,77,AmbTemp,0,,!,-273.15,,,0100,,0,0,1,0,Tam,°C,°F,0,0,0,0,0,0,0,0,0,5,5,0,0,0,0,0,0,0,0,0,0,0,0,5,0,0,0,0,0,0,0,0,0,0,0,0,0,0,0,0,0,0,0,0,7,0,0,0,0,0,0,0,0,0,1,0,0,0,0,0,0,0,0,0,0,0,0,0,0,,Ambient Temperature,Ambient Temperature,19,,外気温度,,,,Umgebungstemperatur,,,,Température ambiante,,19,,环境温度,,,,環境溫度,,,,외기온도,,,,Temperatura Ambiente,Temp. Ambiente,,,Температура окружающей среды,,,,Temperatura ambiente ,,,,Ortam Sıcaklığı,,,,Temperatura otoczenia,,,,Temperatura ambiente,,,,Temperatura ambiente,,,,Omgevingstemperatuur,,,,อุณหภูมิโดยรอบ,,,
ALL,I,79,HeatTime,0,,!,0,,,2800,,1,1,1,1,th,h,h,0,0,0,0,0,0,0,0,0,0,0,0,7,0,0,0,0,0,0,0,0,0,0,0,0,0,0,0,0,0,0,0,0,0,0,0,0,0,0,0,0,0,0,0,0,0,0,0,0,0,0,0,0,0,0,0,0,0,0,0,0,0,0,0,0,0,0,0,0,,Heating Time Period,Heating Time Period,19,,加熱時間,,,,Aufheizzeit,,,,Temps de chauffe,,19,,加热时长,,,,加熱時長,,,,가열시간,,,,Periodo de Tiempo de Calentamiento,Periodo Tiempo Calent.,,,Время нагрева,,,,Tempo de aquecimento,,,,Isıtma Süresi,,,,Czas podgrzewania,,,,Periodo di riscaldamento,,,,Periodo de tiempo de calentamiento,,,,Verwarmingstijdperiode,,,,ระยะเวลาการทำความร้อน,,,
STM,I,80,AllowTemp,0,,=,0,,,0100,,0,0,1,0,Tfwmax,°C,°F,0,0,0,0,0,0,0,0,0,0,0,0,0,0,0,0,0,0,0,0,0,0,0,0,0,0,0,3,0,0,0,0,0,0,0,0,0,0,0,0,0,0,0,0,0,0,0,0,0,0,0,0,0,0,0,0,0,0,0,0,0,0,0,0,0,0,0,0,0,,Maximum Allowable Temperature of Feed Water,Allow Feed Wtr Temp,19,,給水許容上限温度,,,,Max. zul. Speisewassertemperatur,,,,Température admise max. de l'eau d'appoint,,19,,锅炉最高允许给水温度,,,,鍋爐最高允許給水溫度,,,,급수허용 상한온도,,,,Temperatura Maxima Permisible de Agua de Alimentación,Temp. Permisible Agua Alim.,,,Максимально допустимая температура питательной воды,,,,Temperatura máxima permitida da água de alimentação,,,,Besi Suyunun Maksimum Kabul Edilebilir Sıcaklığı,,,,Maksymalna dopuszczalna temperatura wody zasilającej,,,,Massima temperatura dell'acqua di alimento,,,,Temperatura máxima permisible de agua de alimentación,,,,Maximaal toegestane temperatuur van toevoerwater,,,,อุณหภูมิที่ยอมได้สูงสุดของน้ำที่ป้อนเข้า,,,
STM,I,81,TempEff,0,,!,0,=,100,2500,,0,0,0,0,ηT,%,%,0,0,0,0,0,0,0,0,0,0,0,0,0,0,0,0,0,0,0,0,0,0,0,0,0,0,0,0,0,7,0,0,0,0,0,0,0,0,0,0,0,0,0,0,0,0,0,0,0,0,0,0,0,0,0,0,0,0,0,0,0,0,0,0,0,0,0,0,0,,Temperature Efficiency,Temp Efficiency,19,Temperature Efficiency  = {(Condensate Inlet Temp. - Condensate Outlet Temp.) / (Condensate Inlet Temp. - Fluid to be heated Inlet Temp.)},温度効率,,,温度効率とは、高温流体と低温流体それぞれの入口側温度差に対する高温流体の入口側、出口側の温度差の比率のことです。,Wärmeaustauschwirkungsgrad,,,Wärmeaustauschwirkungsgrad = {(Kondensateintrittstemperatur-Eintrittstemp. des zu beheizenden Mediums) / (Kondensateintrittstemperatur-Kondensataustrittstemperatur)},"""Efficacité"" de la Température ",,19,"""Efficacité de température"" = ( delta de T° entre entrée et sortie du condensât ) /        ( T° d'entrée du condensât - T° d'entrée du fluide à chauffer )    ",温效,,,温效=【（冷凝水入口温度 - 冷凝水出口温度）/ （冷凝水入口温度 - 加热流体入口温度）】,溫效,,,溫效=【（冷凝水入口溫度 - 冷凝水出口溫度）/ （冷凝水入口溫度 - 加熱流體入口溫度）】,온도효율,,,"온도효율이란 고온유체와 저온유체 각각의 입구의 온도차에 대해 고온유체의 입구측, 출구측의 온도차의 비율입니다.",Eficiencia de Temperatura,Eficiencia Temp.,,Eficiencia de Temperatura = {(Temp. Cond. Ent. - Temp. Cond. Sal.) / (Temp. Cond. Ent. - Temp. Ent. Fluido a ser calentado)},Температурный КПД,,,Температурный КПД = (Температура конденсата на входе - Температура конденсата на выходе) / Температура конденсата на входе - Температура нагреваемой жидкости на входе),Eficiência da temperatura,,,Eficiência da temperatura = { (Temp. condensado de entrada - Temp. Condensado de sáida) / (Temp. condensado de entrada  - Temp. entrada do fluído a ser aquecido)),Sıcaklık Verimi,,,Sıcaklık Verimi = {( Kondens Giriş Sıcaklığı - Kondens Çıkış Sıcaklığı ) / ( Kondens Giriş Sıcaklığı - Isıtılacak Sıvı Giriş Sıcaklığı ) },Efektywność temperatury,,,Efektywność temperatury = {(Temp. wejściowa kondensatu - Temp. wyjściowa kondensatu) /(Temp. wejściowa kondensatu - Temp. wejściowa czynnika ogrzewanego)},Efficienza di temperatura,,,Efficienza di temperatura = {( Temperatura di ingresso della condensa - temp. Di uscita della condensa ) / (Temperatura di ingresso della condensa  - Temp. Di ingresso del fluido da scaldare)},Eficiencia de temperatura,,,Eficiencia de temperatura = {(Temp. cond. ent. - Temp. cond. sal.)/(Temp. cond. ent. - Temp. ent. fluido que se calentará)},Temperatuurefficiëntie,,,Temperatuurefficiëntie = {(Condensaat-inlaattemp. - Condensaat-uitlaattemp.) / (Condensaat-inlaattemp. - Vloeistof die verwarmd moet worden inlaattemp.)},ประสิทธิภาพของอุณหภูมิ,,,ประสิทธิภาพของอุณหภูมิ = {(อุณหภูมิช่องเข้าของการควบแน่น - อุณหภูมิช่องออกของการควบแน่น) / (อุณหภูมิช่องเข้าของการควบแน่น - อุณหภูมิช่องเข้าของของเหลวที่จะทำให้ร้อน)}
STM,I,82,FlashPress,0,101.325,!,0,=,22064,0900,,7,9,8,10,ps,kPa,psi,0,0,0,0,0,0,0,0,0,0,0,0,0,0,0,0,0,0,0,0,0,0,0,0,0,0,0,0,0,0,3,0,0,0,0,0,0,0,0,0,0,0,0,0,0,0,0,0,0,0,0,0,0,0,0,0,0,0,0,0,0,0,0,0,0,0,0,0,0,,Flash Steam Pressure,Flash Steam Press,19,,フラッシュ蒸気圧,,,,Entspannungsdampfdruck,,,,Pression de vapeur de revaporisation,,19,,闪蒸汽压力,,,,閃蒸汽壓力,,,,재증발 증기압력,,,,Presión de Vapor Flash,Pres. Vapor Flash,,,Давление пара вторичного вскипания,,,,Pressão do vapor de Flash,,,,Flaş Buhar Basıncı,,,,Ciśnienie pary wtórnej,,,,Pressione del vapore di flash,,,,Presión de vapor flash,,,,Flashstoomdruk,,,,ความดันไอน้ำแฟลช,,,
ALL,I,84,StmPrimTemp,1,100,!,0,=,800,0100,,0,0,1,0,Ts,°C,°F,0,0,0,0,0,0,1,1,1,0,0,0,0,0,0,0,0,0,0,0,0,0,0,0,0,0,0,0,0,0,0,0,0,0,0,0,0,0,0,0,0,0,0,0,0,0,0,0,0,0,0,0,0,0,0,0,0,0,0,0,0,0,0,0,0,0,0,0,0,,Steam Temperature,Steam Temperature,19,"For super-heated steam, enter a temperature higher than the saturated temperature.",蒸気温度,,,過熱蒸気の場合は、飽和温度以上の温度を入力して下さい。,Dampftemperatur,,,"Für überhitzten Dampf, eine Temperatur grösser als die Sattdampftemperatur eingeben.",Température de la vapeur,,19,"Pour de la vapeur surchauffée, entrer une température supérieure à la température de vapeur saturée",蒸汽温度,,,过热蒸汽的温度应高于同压力下饱和蒸汽的温度。,蒸汽溫度,,,過熱蒸汽的溫度應高於同壓力下飽和蒸汽的溫度。,증기온도,,,과열증기의 경우는 포화증기이상의 온도를 입력해 주십시오.,Temperatura del Vapor,Temp. Vapor,,"Para vapor sobre-calentado, ingrese una temperatura más alta que la temperatura saturada.",Давление пара,,,"Для перегретого пара введите темпетаруру выше, чем температура насыщения",Temperatura do vapor,,,"Para vapor superaquecido, introduzir a temperatura maior do que a temperatura do saturado.",Buhar Sıcaklığı,,,"Kızgın buhar için , doyma sıcaklığından daha yüksek bir sıcaklık giriniz.",Temperatura pary wodnej,,,"Dla pary przegrzanej, podaj temperaturę wyższą od temperatury nasycenia.",Temperatura del vapore,,,Per vapore surriscaldato inserire una temperatura maggiore della temperatura di saturazione,Temperatura del vapor,,,"Para vapor sobrecalentado, introduzca una temperatura más alta que la temperatura saturada.",Stoomtemperatuur,,,Voor superverhitte stoom moet een temperatuur hoger dan de verzadigde temperatuur worden ingevoerd.,อุณหภูมิไอน้ำ,,,สำหรับไอน้ำที่ร้อนมาก ให้ป้อนอุณหภูมิให้สูงกว่าอุณหภูมิอิ่มตัว
ALL,I,85,TempRead,0,,!,-273.15,,,0100,,0,0,1,0,T,°C,°F,0,0,0,0,0,0,0,0,0,0,0,0,0,0,0,0,0,0,0,0,0,0,0,0,0,0,0,0,0,0,0,0,0,0,0,0,0,0,0,0,0,0,0,0,0,0,0,0,0,0,0,0,0,0,0,0,7,0,0,0,0,0,0,0,0,0,0,0,0,,Temperature (Reading),Temperature (Read),19,,温度,,,,Temperatur,,,,Température ( lue ),,19,,温度（读数）,,,,溫度（讀數）,,,,온도,,,,Temperatura (Lectura),Temp. (Lectura),,,Температура,,,,Temperatura (leitura),,,,Sıcaklık (Okunan ),,,,Temperatura (Odczyt),,,,Temperatura (letta),,,,Temperatura (lectura),,,,Temperatuur (aflezing),,,,อุณหภูมิ (การอ่านค่า),,,
ALL,I,86,TempDiff,0,,=,0,,,3500,,0,0,1,0,∆T,°C,°F,0,0,0,0,0,0,0,0,0,0,0,0,0,0,0,0,0,0,0,0,0,0,0,0,0,0,0,0,0,0,0,0,0,0,0,0,0,0,0,0,0,0,0,0,0,0,0,0,0,0,0,0,0,0,0,0,0,7,0,0,0,0,0,0,0,0,0,0,0,,Temperature (Difference),Temperature (Diff),19,,温度差,,,,Temperaturdifferenz,,,,Température ( delta ),,19,,温度（温差）,,,,溫度（溫差）,,,,온도차,,,,Temperatura (Diferencia),Temp. (Dif.),,,Температура (разница),,,,Temperatura (diferença),,,,Sıcaklık (Fark),,,,Temperatura (Różnica),,,,Temperatura (differenza),,,,Temperatura (diferencia),,,,Temperatuur (verschil),,,,อุณหภูมิ (ความแตกต่าง),,,
ALL,I,87,Pressure,0,101.325,!,0,,,0900,,1,3,2,4,p,kPa,psi,0,0,0,0,0,0,0,0,0,0,0,0,0,0,0,0,0,0,0,0,0,0,0,0,0,0,0,0,0,0,0,0,0,0,0,0,0,0,0,0,0,0,0,0,0,0,0,0,0,0,0,0,0,0,0,0,0,0,7,0,0,0,0,0,0,0,0,0,0,,Pressure,Pressure,19,,圧力,,,,Druck,,,,Pression,,19,,压力,,,,壓力,,,,압력,,,,Presión,Pres.,,,Давление,,,,Pressão,,,,Basınç,,,,Ciśnienie,,,,Pressione,,,,Presión,,,,Druk,,,,ความดัน,,,
ALL,I,88,Length,0,,=,0,,,0200,,0,0,3,0,l,mm,in,0,0,0,0,0,0,0,0,0,0,0,0,0,0,0,0,0,0,0,0,0,0,0,0,0,0,0,0,0,0,0,0,0,0,0,0,0,0,0,0,0,0,0,0,0,0,0,0,0,0,0,0,0,0,0,0,0,0,0,7,0,0,0,0,0,0,0,0,0,,Length,Length,19,,長さ,,,,Länge,,,,Longueur,,19,,长度,,,,長度,,,,길이,,,,Longitud,Long.,,,Длина,,,,Comprimento ,,,,Uzunluk,,,,Długość,,,,Lunghezza della tubazione,,,,Longitud,,,,Lengte,,,,ความยาว,,,
ALL,I,89,Area,0,,=,0,,,0700,,0,0,5,0,A,m²,in²,0,0,0,0,0,0,0,0,0,0,0,0,0,0,0,0,0,0,0,0,0,0,0,0,0,0,0,0,0,0,0,0,0,0,0,0,0,0,0,0,0,0,0,0,0,0,0,0,0,0,0,0,0,0,0,0,0,0,0,0,7,0,0,0,0,0,0,0,0,,Area,Area,19,,面積,,,,Fläche,,,,Surface,,19,,面积,,,,面積,,,,면적,,,,Área,Área,,,Площадь,,,,Área,,,,Alan,,,,Powierzchnia,,,,Area,,,,Área,,,,Gebied,,,,พื้นที่,,,
ALL,I,90,Volume,0,,=,0,,,0600,,0,0,7,0,V,m³,in³,0,0,0,0,0,0,0,0,0,0,0,0,0,0,0,0,0,0,0,0,0,0,0,0,0,0,0,0,0,0,0,0,0,0,0,0,0,0,0,0,0,0,0,0,0,0,0,0,0,0,0,0,0,0,0,0,0,0,0,0,0,7,0,0,0,0,0,0,0,,Volume,Volume,19,,体積,,,,Volumen,,,,Volume,,19,,体积,,,,體積,,,,체적,,,,Volumen,Vol.,,,Объем,,,,Volume ,,,,Hacim,,,,Objętość,,,,Volume ,,,,Volumen,,,,Volume,,,,ความจุ,,,
ALL,I,91,Velocity,0,,=,0,,,1200,,0,0,3,0,v,m/s,ft/s,0,0,0,0,0,0,0,0,0,0,0,0,0,0,0,0,0,0,0,0,0,0,0,0,0,0,0,0,0,0,0,0,0,0,0,0,0,0,0,0,0,0,0,0,0,0,0,0,0,0,0,0,0,0,0,0,0,0,0,0,0,0,7,0,0,0,0,0,0,,Velocity,Velocity,19,,速度,,,,Geschwindigkeit,,,,Vitesse  ,,19,,流速,,,,流速,,,,속도,,,,Velocidad,Vel.,,,Скорость,,,,Velocidade,,,,Hız,,,,Prędkość,,,,Velocità,,,,Velocidad,,,,Snelheid,,,,ความเร็ว,,,
ALL,I,92,Weight,0,,=,0,,,0800,,0,0,1,0,W,kg,lb,0,0,0,0,0,0,0,0,0,0,0,0,0,0,0,0,0,0,0,0,0,0,0,0,0,0,0,0,0,0,0,0,0,0,0,0,0,0,0,0,0,0,0,0,0,0,0,0,0,0,0,0,0,0,0,0,0,0,0,0,0,0,0,7,0,0,0,0,0,,Weight,Weight,19,,重量,,,,Gewicht,,,,Poids,,19,,重量,,,,重量,,,,중량,,,,Peso,Peso,,,Вес,,,,Peso,,,,Ağırlık,,,,Waga,,,,Peso,,,,Peso,,,,Gewicht,,,,น้ำหนัก,,,
ALL,I,93,Viscosity,0,,=,0,,,1300,,0,0,4,2,ν,cP,lbf s/in²,0,0,0,0,0,0,0,0,0,0,0,0,0,0,0,0,0,0,0,0,0,0,0,0,0,0,0,0,0,0,0,0,0,0,0,0,0,0,0,0,0,0,0,0,0,0,0,0,0,0,0,0,0,0,0,0,0,0,0,0,0,0,0,0,7,0,0,0,0,,Dynamic Viscosity,Dyn. Viscosity,19,,粘度,,,,Dynamische Viskosität,,,,Viscosité dynamique,,19,,粘度,,,,粘度,,,,점도,,,,Viscosidad Dinámica,Viscosidad dinam.,,,Динамическая вязкость,,,,Viscosidade dinâmica,,,,Dinamik Viskozite,,,,Lepkość dynamiczna,,,,Viscosità dinamica,,,,Viscosidad dinámica,,,,Dynamische viscositeit,,,,ความหนืดพลวัตร,,,
ALL,I,94,Energy,0,,=,0,,,0300,,0,0,3,2,E,kJ,BTU,0,0,0,0,0,0,0,0,0,0,0,0,0,0,0,0,0,0,0,0,0,0,0,0,0,0,0,0,0,0,0,0,0,0,0,0,0,0,0,0,0,0,0,0,0,0,0,0,0,0,0,0,0,0,0,0,0,0,0,0,0,0,0,0,0,7,0,0,0,,Energy,Energy,19,,熱量,,,,Energie,,,,Energie,,19,,能量,,,,能量,,,,열량,,,,Energía,Energía,,,Энергия,,,,Energia,,,,Enerji  ,,,,Energia,,,,Energia,,,,Energía,,,,Energie,,,,พลังงาน,,,
ALL,I,95,TranceCoeff ,0,,=,0,,,0400,,0,0,2,1,α,W/m²-K,BTU/ft² h F,0,0,0,0,0,0,0,0,0,4,4,0,0,0,0,0,0,0,0,0,0,0,0,0,0,0,0,0,0,0,0,0,0,0,0,0,0,0,0,0,0,0,0,0,0,0,0,0,0,0,0,0,0,0,0,0,0,0,0,0,0,0,0,0,0,0,7,0,0,,Heat-Transfer Coefficient ,Heat-Transfer Coeff,19,,熱伝達率,,,,Wärmeübergangszahl,,,,Coefficient de transfert de chaleur,,19,,传热系数,,,,傳熱係數,,,,열전달율,,,,Coeficiente de Transferencia de Calor,Coef. Transf. Calor,,,Коэффициент теплопередачи,,,,Coeficiente da transferência de calor ,,,,Isı-Transfer Katsayısı,,,,Współczynnik wymiany ciepła,,,,Coefficiente di trasferimento del calore,,,,Coeficiente de transferencia de calor,,,,Warmte-overdracht coëfficiënt ,,,,สัมประสิทธิ์การถ่ายเทความร้อน ,,,
ALL,I,96,ConductCoeff ,0,,=,0,,,2000,,0,0,2,1,λ,W/m-K,BTU/ft h F,0,0,0,0,0,0,0,0,0,4,4,0,0,0,0,0,0,0,0,0,0,0,0,4,0,0,0,0,0,0,0,0,0,0,0,0,0,0,0,0,0,0,0,0,0,0,0,0,0,0,0,0,0,0,0,0,0,0,0,0,0,0,0,0,0,0,0,7,0,,Thermal Conductivity Coefficient ,Therml Condct Coeff,19,,熱伝導率,,,,Wärmeleitzahl,,,,Coefficient de conductivité thermique,,19,,导热系数,,,,導熱係數,,,,연전도율,,,,Coeficiente de Conductividad Térmica,Coef. Conductividad Term.,,,Коэффициент теплопроводности,,,,Coeficiente da condutividade térmica,,,,Isıl İletkenlik Katsayısı,,,,Współczynnik przewodzenia ciepła,,,,Coefficiente di conduttività termica,,,,Coeficiente de conductividad térmica,,,,Coëfficiënt thermische geleiding ,,,,สัมประสิทธิ์การนำความร้อน ,,,
ALL,I,97,SpecEnt,0,,=,0,,,1900,,0,0,3,2,h,kJ/kg,BTU/lb,0,0,0,0,0,0,0,0,0,0,0,0,0,0,0,0,0,0,0,0,0,0,0,0,0,0,0,0,0,0,0,0,0,0,0,0,0,0,0,0,0,0,0,0,0,0,0,0,0,0,0,0,0,0,0,0,0,0,0,0,0,0,0,0,0,0,0,0,7,,Specific Enthalpy,Specific Enthalpy,19,,比エンタルピ,,,,Spez. Enthalpie,,,,Enthalpie spécifique,,19,,热焓,,,,熱焓,,,,비엔탈피,,,,Entalpía Específica,Entalpía Esp.,,,Удельная энтальпия,,,,Entalpia específica,,,,Özgül Entalpi,,,,Entalpia właściwa,,,,Entalpia specifica,,,,Entalpía específica,,,,Soortelijke enthalpie,,,,เอนทัลปีจำเพาะ ,,,
LQD,I,98,WtrTemp,0,,!,-273.15,,,0100,,0,0,1,0,Tw,°C,°F,0,0,0,0,0,0,0,0,0,0,0,0,0,0,0,0,0,0,0,0,0,0,0,0,0,0,0,0,0,0,0,0,0,0,0,0,0,0,0,0,0,1,1,1,0,0,0,0,0,0,0,0,0,0,0,0,0,0,0,0,0,0,0,0,0,0,0,0,0,,Water Temperature,Water Temp,19,Enter the temperature of the liquid at the inlet before heating.,水温度,,,加熱する前の液体の温度を入力して下さい。,Flüssigkeitszulauftemperatur,,,Flüssigkeitstemperatur vor der Erwärmung eingeben.,Température d'entrée du liquide,,19,Entrer la température du liquide à chauffer ( température à l'entrée ),液体入口温度,,,请输入加热前入口处液体温度。,液體入口溫度,,,請輸入加熱前入口處液體溫度。,액체입구온도,,,가열하기 전의 액체온도를 입력해 주십시오.,Temperatura de Entrada del Liquido,Temp. Entrada Liquido,,Ingrese la temperatura del liquido en la entrada antes del calentamiento.,Температура воды,,,Введите температуры жидкости перед нагревом,Temperatura da água,,,"Introduza a temperatura de entrada do líquido, antes do aquecimento.",Su Sıcaklığı,,,Isıtma öncesinde girişteki akışkanın sıcaklığını giriniz.,Temperatura wody,,,Podaj temperaturę cieczy na dolocie przed podgrzaniem.,Temperatura dell'acqua,,,Inserire la temperatura del liquido all'ingresso prima del riscaldamento,Temperatura de entrada del líquido,,,Introduzca la temperatura del líquido en la entrada antes del calentamiento.,Watertemperatuur,,,Voer de temperatuur van de vloeistof bij de inlaat vóór verwarming in.,อุณหภูมิน้ำ,,,ป้อนอุณหภูมิของเหลวที่ช่องเข้าก่อนทำความความร้อน
LQD,I,99,WtrFlowRate,0,,!,0,,,2400,,0,0,2,0,Ｑw,m³/h,gal/h,0,0,0,0,0,0,0,0,0,0,0,0,0,0,0,0,0,0,0,0,0,0,0,0,0,0,0,0,0,0,0,0,0,0,0,0,7,7,3,7,0,0,7,0,0,0,0,0,0,0,0,0,0,0,0,0,0,0,0,0,0,0,0,0,0,0,0,0,0,,Water Flow Rate,Water Flow Rate,19,,水の流量,,,,Flüssigkeitsdurchsatz,,,,Débit du liquide,,19,,液体流量,,,,液體流量,,,,액체의 유량,,,,Rango de Flujo del Liquido,Rango de Flujo Liquido,,,Расход воды,,,,Vazão da água,,,,Su Debisi,,,,Przepływ wody,,,,Portata dell'acqua,,,,Flujo del líquido,,,,Waterdebiet,,,,อัตราการไหลของน้ำ,,,
ALL,I,100,BackPress,0,101.325,!,0,=,22064,0900,,7,9,8,10,pb,kPa,psi,0,0,0,0,0,0,0,0,0,0,0,0,0,0,3,3,0,0,0,0,0,0,0,0,0,0,0,0,0,0,0,0,0,0,0,0,0,0,0,0,0,0,0,0,0,0,0,0,0,0,0,0,0,0,0,0,0,0,0,0,0,0,0,0,0,0,0,0,0,,Back Pressure,,19,,背圧,,,,Gegendruck,,,,Contre pression,,19,,背压,,,,背壓,,,,배압,,,,Contrapresión ,,,,Противодавление,,,,Contrapressão,,,,Karşı Basınç,,,,Przeciwciśnienie,,,,Contropressione,,,,Contrapresión ,,,,Tegendruk,,,,ความดันต้านกลับ,,,
ALL,I,101,Oversur,0,40,=,0,,,2500,,0,0,0,0,,%,%,0,0,0,0,0,0,0,0,0,0,0,0,0,0,1,1,0,0,0,0,0,0,0,0,0,0,0,0,0,0,0,0,0,0,0,0,0,0,0,0,0,0,0,0,0,0,0,0,0,0,0,0,0,0,0,0,0,0,0,0,0,0,0,0,0,0,0,0,0,,Oversurfacing,,19,Default value only provided as reference. Enter correct oversurfacing value for your application.,設計余裕度,,,デフォルト値は入力例です。用途にあっている設計余裕度を入力してください。,Flächenreserve,,,Standardwert aus Erfahrungswerten. Bitte passenden anlagenspezifischen Wert eingeben.,Surfaçage surabondant,,19,La valeur par défaut a été fournie à titre de référence seulement. Veuillez entrer le pourcentage de surfaçage surabondant qui s'applique à votre système.,过载面积,,,默认值仅提供参考。请输入您要求的实际过载面积。,過載面積,,,默認值僅提供參考。請輸入您要求的實際過載面積。,전열면적의 오버사이징,,,수치의 입력예 입니다. 용도에 알맞은 설계여유치를 입력해 주십시오.,Sobre-dimensionamiento,,,El valor predeterminado que se muestra es solo como referencia. Favor de ingresar el valor de sobre-dimensionamiento correcto para tu aplicación.,Запас поверхности,,,Значение по умолчанию только для примера. Введите правильное значение запаса поверхности теплообмена.,superfície superior,,,O valor padrão fornecido apenas como referência. Introduzir o valor correto da superfície superior para sua aplicação.  ,Yüzey alanı fazlalığı,,,Varsayılan değer sadece referans olarak alındı.Sizin uygulamanız için doğru aşırı kaplama değerini giriniz,Przewymiarowanie,,,Wartość domyślna podana jako odniesienie. Podaj prawidłową wartość przewymiarowania powierzchni dla twojej aplikacji.,Extra superficie,,,Il valore di default fornisce solamente un riferimento. Inserire il corretto valore di extrasuperficie per la vostra applicazione,Sobredimensionamiento,,,El valor predeterminado que se muestra es solo una referencia. Introduzca el valor de sobredimensionamiento correcto para su aplicación.,Oppervlakvergroting,,,Standaardwaarde alleen gegeven als referentie. Voer de correcte oppervlakvergroting voor uw toepassing in.,เหนือพื้นผิว,,,ค่าเริ่มต้นเป็นแค่ค่าอ้างอิงเท่านั้น ป้อนค่าเหนือพื้นผิวที่ถูกต้องสำหรับการใช้งานของคุณ
All,I,102,StartTime,0,600,!,0,,,2800,,1,1,1,1,tSU,min,min,0,0,0,0,0,0,0,0,0,7,0,0,0,0,0,0,0,0,0,0,0,0,0,0,0,0,0,0,0,0,0,0,0,0,0,0,0,0,0,0,0,0,0,0,0,0,0,0,0,0,0,0,0,0,0,0,0,0,0,0,0,0,0,0,0,0,0,0,0,,Start-up time,Start-up time,19,,立上時間,,,,Anfahrzeit,,,,Temps de mise en route,,19,,启动时间,,,,啟動時間,,,,초기 스타트업 시간,,,,Tiempo de Arranque,,,,Время разогрева,,,,Tempo de início,,,,Devreye Alma Süresi,,,,Czas rozruchu,,,,Tempo di inizializzazione,,,,Tiempo de arranque,,,,Opstarttijd,,,,เวลาเริ่มต้น,,,
ALL,I,103,UpperVeloWtr,0,2,!,0,,,1200,,0,0,3,0,-,m/s,ft/s,0,0,0,0,0,0,0,0,0,0,0,0,0,0,0,0,0,0,0,0,0,0,0,0,0,0,0,0,0,0,0,3,0,0,3,0,0,3,0,0,0,0,0,0,0,0,0,0,0,0,0,0,0,0,0,0,0,0,0,0,0,0,0,0,0,0,0,0,0,,Maximum Allowable Velocity,Max Allowable Vel,19,Default value only provided as reference. Enter correct velocity for your application.,上限流速,,,デフォルト値は入力例です。用途にあっている流速を入力してください。,Max. zul. Fliessgeschwindigkeit,,,Der vorgegebene Referenzwert spiegelt übliche Erfahrungswerte wieder. Bei Bedarf bitte einen für die eigene Anwendung passende Fließgeschwindikeit eingeben.,Vitesse maximum admissible,,19,La valeur par défaut a été fournie à titre de référence seulement. Veuillez entrer la vitesse qui s'applique à votre système.,最大允许流速,,,默认值仅提供参考。请输入您要求的实际流速。,最大允許流速,,,默認值僅提供參考。請輸入您要求的實際流速。,상한유속,,,수치의 입력예 입니다. 용도에 알맞은 유속을 입력해 주십시오.,Velocidad Máxima Permisible,Vel. Max. Permisible,,El valor predeterminado que se muestra es solo como referencia. Favor de ingresar el valor de velocidad correcto para tu aplicación.,Максимально допустимая скорость,,,Значение по умолчанию только для примера. Введите правильное значение скорости..,Velocidade máxima permitida,,,O valor padrão fornecido apenas como referência. Introduzir a velocidade correta para sua aplicação.  ,Maksimum Kabul Edilebilir Hız,,,Varsayılan değer yalnızca referans noktasına göre hesaplandı. Uygulamanıza göre uygun hız değerini giriniz. ,Maksymalna dopuszczalna prędkość,,,Wartość domyślna podana jako odniesienie. Podaj prawidłową wartość prędkości dla danej aplikacji.,Massima velocità consentita,,,Il valore di default fornisce solamente un riferimento. Inserire la corretta velocità per la vostra applicazione,Velocidad máxima permisible,,,El valor predeterminado que se muestra es solo una referencia. Introduzca el valor de velocidad correcto para su aplicación.,Maximaal toelaatbare snelheid,,,Standaardwaarde alleen gegeven als referentie. Voer de correcte snelheid voor uw toepassing in.,ความเร็วที่ยอมได้สูงสุด,,,ค่าเริ่มต้นเป็นแค่ค่าอ้างอิงเท่านั้น ป้อนความเร็วที่ถูกต้องกับการใช้งานของคุณ
ALL,I,104,UpperVeloCond,0,15,!,0,,,1200,,0,0,3,0,-,m/s,ft/s,0,0,0,0,0,0,0,0,0,0,0,0,0,0,0,0,0,0,0,0,0,0,0,0,0,0,0,0,0,0,0,0,0,3,0,0,0,0,0,0,0,0,0,0,0,0,0,0,0,0,0,0,0,0,0,0,0,0,0,0,0,0,0,0,0,0,0,0,0,,Maximum Allowable Velocity,Max Allowable Vel,19,Default value only provided as reference. Enter correct velocity for your application.,上限流速,,,デフォルト値は入力例です。用途にあっている流速を入力してください。,Max. zul. Fliessgeschwindigkeit,,,Der vorgegebene Referenzwert spiegelt übliche Erfahrungswerte wieder. Bei Bedarf bitte einen für die eigene Anwendung passende Fließgeschwindikeit eingeben.,Vitesse maximum admissible,,19,La valeur par défaut a été fournie à titre de référence seulement. Veuillez entrer la vitesse qui s'applique à votre système.,最大允许流速,,,默认值仅提供参考。请输入您要求的实际流速。,最大允許流速,,,默認值僅提供參考。請輸入您要求的實際流速。,상한유속,,,수치의 입력예 입니다. 용도에 알맞은 유속을 입력해 주십시오.,Velocidad Máxima Permisible,Vel. Max. Permisible,,El valor predeterminado que se muestra es solo como referencia. Favor de ingresar el valor de velocidad correcto para tu aplicación.,Максимально допустимая скорость,,,Значение по умолчанию только для примера. Введите правильное значение скорости..,Velocidade máxima permitida,,,O valor padrão fornecido apenas como referência. Introduzir a velocidade correta para sua aplicação.,Maksimum Kabul Edilebilir Hız,,,Varsayılan değer yalnızca referans noktasına göre hesaplandı. Uygulamanıza göre uygun hız değerini giriniz. ,Maksymalna dopuszczalna prędkość,,,Wartość domyślna podana jako odniesienie. Podaj prawidłową wartość prędkości dla danej aplikacji.,Massima velocità consentita,,,Il valore di default fornisce solamente un riferimento. Inserire la corretta velocità per la vostra applicazione,Velocidad máxima permisible,,,El valor predeterminado que se muestra es solo una referencia. Introduzca el valor de velocidad correcto para su aplicación.,Maximaal toelaatbare snelheid,,,Standaardwaarde alleen gegeven als referentie. Voer de correcte snelheid voor uw toepassing in.,ความเร็วที่ยอมได้สูงสุด,,,ค่าเริ่มต้นเป็นแค่ค่าอ้างอิงเท่านั้น ป้อนความเร็วที่ถูกต้องกับการใช้งานของคุณ
ALL,I,105,UpperVeloAir,0,20,!,0,,,1200,,0,0,3,0,-,m/s,ft/s,0,0,0,0,0,0,0,0,0,0,0,0,0,0,0,0,0,0,0,0,0,0,0,0,0,0,0,0,0,0,0,0,0,0,0,0,0,0,0,0,0,0,0,0,0,0,3,0,0,0,0,0,0,0,0,0,0,0,0,0,0,0,0,0,0,0,0,0,0,,Maximum Allowable Velocity,Max Allowable Vel,19,Default value only provided as reference. Enter correct velocity for your application.,上限流速,,,デフォルト値は入力例です。用途にあっている流速を入力してください。,Max. zul. Fliessgeschwindigkeit,,,Der vorgegebene Referenzwert spiegelt übliche Erfahrungswerte wieder. Bei Bedarf bitte einen für die eigene Anwendung passende Fließgeschwindikeit eingeben.,Vitesse maximum admissible,,19,La valeur par défaut a été fournie à titre de référence seulement. Veuillez entrer la vitesse qui s'applique à votre système.,最大允许流速,,,默认值仅提供参考。请输入您要求的实际流速。,最大允許流速,,,默認值僅提供參考。請輸入您要求的實際流速。,상한유속,,,수치의 입력예 입니다. 용도에 알맞은 유속을 입력해 주십시오.,Velocidad Máxima Permisible,Vel. Max. Permisible,,El valor predeterminado que se muestra es solo como referencia. Favor de ingresar el valor de velocidad correcto para tu aplicación.,Максимально допустимая скорость,,,Значение по умолчанию только для примера. Введите правильное значение скорости..,Velocidade máxima permitida,,,O valor padrão fornecido apenas como referência. Introduzir a velocidade correta para sua aplicação.  ,Maksimum Kabul Edilebilir Hız,,,Varsayılan değer yalnızca referans noktasına göre hesaplandı. Uygulamanıza göre uygun hız değerini giriniz. ,Maksymalna dopuszczalna prędkość,,,Wartość domyślna podana jako odniesienie. Podaj prawidłową wartość prędkości dla danej aplikacji.,Massima velocità consentita,,,Il valore di default fornisce solamente un riferimento. Inserire la corretta velocità per la vostra applicazione,Velocidad máxima permisible,,,El valor predeterminado que se muestra es solo una referencia. Introduzca el valor de velocidad correcto para su aplicación.,Maximaal toelaatbare snelheid,,,Standaardwaarde alleen gegeven als referentie. Voer de correcte snelheid voor uw toepassing in.,ความเร็วที่ยอมได้สูงสุด,,,ค่าเริ่มต้นเป็นแค่ค่าอ้างอิงเท่านั้น ป้อนความเร็วที่ถูกต้องกับการใช้งานของคุณ
ALL,O,2,PipeSize,4,,,,,,,,-1,-1,-1,-1,-,,,3,3,3,0,0,0,0,0,0,0,0,0,0,0,0,0,0,0,0,0,0,0,0,0,0,0,0,0,0,0,0,3,3,3,3,0,3,3,0,0,0,0,0,0,0,3,3,0,0,0,0,0,0,0,0,0,0,0,0,0,0,0,0,0,0,0,0,0,0,,,,,,,,,,,,,,,,,,,,,,,,,,,,,,,,,,,,,,,,,,,,,,,,,,,,,,,,,,,,,,,,,
ALL,O,3,PipeInDiam,4,,,,,,0200,,0,0,3,0,d,m,in,5,5,5,0,0,0,0,0,0,0,0,0,0,0,0,0,0,0,0,0,0,0,0,0,0,0,0,0,0,0,0,5,5,5,5,0,5,5,0,0,0,0,0,0,0,5,5,0,0,0,0,0,0,0,0,0,0,0,0,0,0,0,0,0,0,0,0,0,0,,,,,,,,,,,,,,,,,,,,,,,,,,,,,,,,,,,,,,,,,,,,,,,,,,,,,,,,,,,,,,,,,
GAS,O,11,AirVelo,4,,,,,,1200,,0,0,3,0,v,m/s,ft/s,0,0,0,0,0,0,0,0,0,0,0,0,0,0,0,0,0,0,0,0,0,0,0,0,0,0,0,0,0,0,0,0,0,0,0,0,0,0,0,0,0,0,0,0,0,5,5,5,0,7,0,0,0,0,0,0,0,0,0,0,0,0,0,0,0,0,0,0,0,,,,,,,,,,,,,,,,,,,,,,,,,,,,,,,,,,,,,,,,,,,,,,,,,,,,,,,,,,,,,,,,,
GAS,O,16,GasVelo,4,,,,,,1200,,0,0,3,0,v,m/s,ft/s,0,0,0,0,0,0,0,0,0,0,0,0,0,0,0,0,0,0,0,0,0,0,0,0,0,0,0,0,0,0,0,0,0,0,0,0,0,0,0,0,0,0,0,0,0,0,0,0,5,0,0,0,0,0,0,0,0,0,0,0,0,0,0,0,0,0,0,0,0,,,,,,,,,,,,,,,,,,,,,,,,,,,,,,,,,,,,,,,,,,,,,,,,,,,,,,,,,,,,,,,,,
LQD,O,18,LqdFlowRate,4,,,,,,2400,,0,0,2,0,Fl,m³/h,gal/h,0,0,0,0,0,0,0,0,0,0,0,0,0,0,0,0,0,0,0,0,0,0,0,0,0,0,0,0,0,0,0,0,0,0,0,0,0,0,0,0,0,0,0,0,0,0,0,0,0,0,0,0,0,0,0,0,0,0,0,0,0,0,0,0,0,0,0,0,0,,,,,,,,,,,,,,,,,,,,,,,,,,,,,,,,,,,,,,,,,,,,,,,,,,,,,,,,,,,,,,,,,
LQD,O,24,LqdOutTemp,4,,,,,,0100,,0,0,1,0,T2,°C,°F,0,0,0,0,0,0,0,0,0,0,0,0,0,0,0,0,0,0,0,0,0,0,0,0,0,0,0,0,0,5,0,0,0,0,0,0,0,0,0,0,0,0,0,0,0,0,0,0,0,0,0,0,0,0,0,0,0,0,0,0,0,0,0,0,0,0,0,0,0,,,,,,,,,,,,,,,,,,,,,,,,,,,,,,,,,,,,,,,,,,,,,,,,,,,,,,,,,,,,,,,,,
LQD,O,27,WtrVelo,4,,,,,,1200,,0,0,3,0,v,m/s,ft/s,0,0,0,0,0,0,0,0,0,0,0,0,0,0,0,0,0,0,0,0,0,0,0,0,0,0,0,0,0,0,0,0,0,0,0,0,5,5,5,7,0,0,0,0,0,0,0,0,0,0,0,0,0,0,0,0,0,0,0,0,0,0,0,0,0,0,0,0,0,,,,,,,,,,,,,,,,,,,,,,,,,,,,,,,,,,,,,,,,,,,,,,,,,,,Il contenuto di umidità nell'aria è il prodotto dell'umidità relativa e dell'umidità assoluta dell'aria umida satura,,Il contenuto di umidità nell'aria è il prodotto dell'umidità relativa e dell'umidità assoluta dell'aria umida satura,,,,,,,,,,,,
STM,O,29,StmPress,4,,,,,,0900,,7,9,8,10,Ps,kPa,psig,0,0,0,0,0,0,0,0,0,0,0,0,0,0,0,0,0,0,0,0,0,0,0,0,0,3,0,0,0,0,0,0,0,0,0,0,0,0,0,0,0,0,0,0,0,0,0,0,0,0,0,0,0,0,0,0,0,0,0,0,0,0,0,0,0,0,0,0,0,,,,,,,,,,,,,,,,,,,,,,,,,,,,,,,,,,,,,,,,,,,,,,,,,,,L'umidità assoluta è la massa di vapore che è contenuta in una specifica quantità di aria,,L'umidità assoluta è la massa di vapore che è contenuta in una specifica quantità di aria,,,,,,,,,,,,
STM,O,32,StmSecondPress,4,,,,,,0900,,7,9,8,10,P2,kPa abs,psia,0,0,0,0,0,0,0,0,0,0,0,0,0,0,0,0,0,0,0,1,1,0,0,0,0,0,0,0,0,0,0,0,0,0,0,0,0,0,0,0,0,0,0,0,0,0,0,0,0,0,0,0,0,0,0,0,0,0,0,0,0,0,0,0,0,0,0,0,0,,,,,,,,,,,,,,,,,,,,,,,,,,,,,,,,,,,,,,,,,,,,,,,,,,,La pressione parziale del vapore è la pressione del vapore contenuta nell'aria,,La pressione parziale del vapore è la pressione del vapore contenuta nell'aria,,,,,,,,,,,,
STM,O,33,StmFlowRate,4,,,,,,1600,,0,0,2,0,ms,kg/h,lb/h,0,0,0,0,0,7,7,0,7,0,0,0,0,0,0,0,0,0,0,0,0,0,0,0,0,0,0,0,0,0,0,0,0,0,0,0,0,0,0,0,0,0,0,0,0,0,0,0,0,0,0,0,0,0,0,0,0,0,0,0,0,0,0,0,0,0,0,0,0,,,,,,,,,,,,,,,,,,,,,,,,,,,,,,,,,,,,,,,,,,,,,,,,,,,,,,,,,,,,,,,,,
STM,O,34,StmVelo,4,,,,,,1200,,0,0,3,0,v,m/s,ft/s,5,5,5,5,7,0,0,0,0,0,0,0,0,0,0,0,0,0,0,0,0,0,0,0,0,0,0,0,0,0,0,0,0,0,0,0,0,0,0,0,0,0,0,0,0,0,0,0,0,0,0,0,0,0,0,0,0,0,0,0,0,0,0,0,0,0,0,0,0,,,,,,,,,,,,,,,,,,,,,,,,,,,,,,,,,,,,,,,,,,,,,,,,,,,Il punto di rugiada è la temperatura superficiale a cui la rugiada inizia a formarsi (condensare) sulla superficie di un oggetto quando è raffreddato in aria,,Il punto di rugiada è la temperatura superficiale a cui la rugiada inizia a formarsi (condensare) sulla superficie di un oggetto quando è raffreddato in aria,,,,,,,,,,,,
STM,O,37,CondFlowLoad,4,,,,,,1600,,0,0,2,0,mc,kg/h,lb/h,0,0,0,0,0,0,0,0,0,0,7,7,0,7,0,0,0,0,0,0,0,0,0,0,0,0,0,0,0,0,0,0,0,0,0,0,0,0,0,0,0,0,0,0,0,0,0,0,0,0,0,0,0,0,7,0,0,0,0,0,0,0,0,0,0,0,0,0,0,,Condensate Load,,,,ドレン発生量,,,,Gesamtkondensatanfall,,,,Débit de condensât,,,,冷凝水负载,,,,冷凝水負載,,,,응축수발생량,,,,Carga de Condensado,Carga Cond.,,,,,,,,,,,,,,,,,,,,,,,Carga de condensado,,,,Condensaatbelasting,,,,ปริมาณการควบแน่น,,,
STM,O,38,CondVelo,4,,,,,,1200,,0,0,3,0,v,m/s,ft/s,0,0,0,0,0,0,0,0,0,0,0,0,0,0,0,0,0,0,0,0,0,0,0,0,0,0,0,0,0,0,0,4,5,5,4,0,0,0,0,0,0,0,0,0,0,0,0,0,0,0,0,0,0,0,0,0,0,0,0,0,0,0,0,0,0,0,0,0,0,,,,,,,,,,,,,,,,,,,,,,,,,,,,,,,,,,,,,,,,,,,,,,,,,,,,,,,,,,,,,,,,,
GAS,O,41,AirFlowRate,4,,,,,,1400,,0,0,3,0,Qa,m³/min,CFM,0,0,0,0,0,0,0,0,0,0,0,0,0,0,0,0,0,0,0,0,0,0,0,0,0,0,0,0,0,0,0,0,0,0,0,0,0,0,0,0,0,0,0,0,0,0,0,0,0,0,7,0,0,0,0,0,0,0,0,0,0,0,0,0,0,0,0,0,0,,,,,,,,,,,,,,,,,,,,,,,,,,,,,,,,,,,,,,,,,,,,,,,,,,,,,,,,,,,,,,,,,
GAS,O,83,AirFlowRateN,4,,,,,,1500,,0,0,3,0,Qa,Nm³/min,SCFM,0,0,0,0,0,0,0,0,0,0,0,0,0,0,0,0,0,0,0,0,0,0,0,0,0,0,0,0,0,0,0,0,0,0,0,0,0,0,0,0,0,0,0,0,0,0,0,0,0,0,3,7,0,7,0,0,0,0,0,0,0,0,0,0,0,0,0,0,0,,,,,,,,,,,,,,,,,,,,,,,,,,,,,,,,,,,,,,,,,,,,,,,,,,,,,,,,,,,,,,,,,
STM,O,51,BoilerEff,4,,,,,,2500,,0,0,0,0,η,%,%,0,0,0,0,0,0,0,0,0,0,0,0,0,0,0,0,7,0,0,0,0,0,0,0,0,0,0,0,0,0,0,0,0,0,0,0,0,0,0,0,0,0,0,0,0,0,0,0,0,0,0,0,0,0,0,0,0,0,0,0,0,0,0,0,0,0,0,0,0,,,,,,,,,,,,,,,,,,,,,,,,,,,,,,,,,,,,,,,,,,,,,,,,,,,,,,,,,,,,,,,,,
STM,O,52,EnergyUnitCost,4,,,,,,2700,,0,0,2,1,Ce,$/MJ,$/1000BTU,0,0,0,0,0,0,0,0,0,0,0,0,0,0,0,0,0,7,0,0,0,0,0,0,0,0,0,0,0,0,0,0,0,0,0,0,0,0,0,0,0,0,0,0,0,0,0,0,0,0,0,0,0,0,0,0,0,0,0,0,0,0,0,0,0,0,0,0,0,,,,,,,,,,,,,,,,,,,,,,,,,,,,,,,,,,,,,,,,,,,,,,,,,,,,,,,,,,,,,,,,,
STM,O,53,EstPrimStmDry,4,,,,,,2500,,0,0,0,0,X1,%,%,0,0,0,0,0,0,0,0,0,0,0,0,0,0,0,0,0,0,0,0,5,0,0,0,0,0,0,0,0,0,0,0,0,0,0,0,0,0,0,0,0,0,0,0,0,0,0,0,0,0,0,0,0,0,0,0,0,0,0,0,0,0,0,0,0,0,0,0,0,,,,,,,,,,,,,,,,,,,,,,,,,,,,,,,,,,,,,,,,,,,,,,,,,,,,,,,,,,,,,,,,,
STM,O,58,AirVolume,4,,,,,,2500,,0,0,0,0,a,%,%,0,0,0,0,0,0,0,0,0,0,0,0,0,0,0,0,0,0,0,0,0,0,7,0,0,0,0,0,0,0,0,0,0,0,0,0,0,0,0,0,0,0,0,0,0,0,0,0,0,0,0,0,0,0,0,0,0,0,0,0,0,0,0,0,0,0,0,0,0,,,,,,,,,,,,,,,,,,,,,,,,,,,,,,,,,,,,,,,,,,,,,,,,,,,,,,,,,,,,,,,,,
GAS,O,59,TempOfMix,4,,,,,,0100,,0,0,1,0,Tm,°C,°F,0,0,0,0,0,0,0,0,0,0,0,0,0,0,0,0,0,0,0,0,0,1,0,0,0,0,0,0,0,0,0,0,0,0,0,0,0,0,0,0,0,0,0,0,0,0,0,0,0,0,0,0,0,0,0,0,0,0,0,0,0,0,0,0,0,0,0,0,0,,,,,,,,,,,,,,,,,,,,,,,,,,,,,,,,,,,,,,,,,,,,,,,,,,,,,,,,,,,,,,,,,
ALL,O,74,CvValue,4,,,,,,2600,,2,2,0,0,Cv,Cv,Cv (US),0,0,0,0,0,0,0,7,0,0,0,0,0,0,0,0,0,0,0,0,0,0,0,0,0,0,0,0,0,0,0,0,0,0,0,0,0,0,0,0,0,0,7,0,0,0,0,0,0,0,0,0,7,0,0,0,0,0,0,0,0,0,0,0,0,0,0,0,0,,,,,,,,,,,,,,,,,,,,,,,,,,,,,,,,,,,,,,,,,,,,,,,,,,,,,,,,,,,,,,,,,
ALL,O,85,TempRead,4,,,,,,0100,,0,0,1,0,T,°C,°F,0,0,0,0,0,0,0,0,0,0,0,0,0,0,0,0,0,0,0,0,0,0,0,0,0,0,0,0,0,0,0,0,0,0,0,0,0,0,0,0,0,0,0,0,0,0,0,0,0,0,0,0,0,0,0,0,7,0,0,0,0,0,0,0,0,0,0,0,0,,,,,,,,,,,,,,,,,,,,,,,,,,,,,,,,,,,,,,,,,,,,,,,,,,,,,,,,,,,,,,,,,
ALL,O,86,TempDiff,4,,,,,,3500,,0,0,1,0,dT,°C,°F,0,0,0,0,0,0,0,0,0,0,0,0,0,0,0,0,0,0,0,0,0,0,0,0,0,0,0,0,0,0,0,0,0,0,0,0,0,0,0,0,0,0,0,0,0,0,0,0,0,0,0,0,0,0,0,0,0,7,0,0,0,0,0,0,0,0,0,0,0,,,,,,,,,,,,,,,,,,,,,,,,,,,,,,,,,,,,,,,,,,,,,,,,,,,,,,,,,,,,,,,,,
ALL,O,87,Pressure,4,,,,,,0900,,1,3,2,4,P,kPa,psi,0,0,0,0,0,0,0,0,0,0,0,0,0,0,0,0,0,0,0,0,0,0,0,0,0,0,0,0,0,0,0,0,0,0,0,0,0,0,0,0,0,0,0,0,0,0,0,0,0,0,0,0,0,0,0,0,0,0,7,0,0,0,0,0,0,0,0,0,0,,,,,,,,,,,,,,,,,,,,,,,,,,,,,,,,,,,,,,,,,,,,,,,,,,,,,,,,,,,,,,,,,
ALL,O,88,Length,4,,,,,,0200,,0,0,3,0,L,mm,in,0,0,0,0,0,0,0,0,0,0,0,0,0,0,0,0,0,0,0,0,0,0,0,0,0,0,0,0,0,0,0,0,0,0,0,0,0,0,0,0,0,0,0,0,0,0,0,0,0,0,0,0,0,0,0,0,0,0,0,7,0,0,0,0,0,0,0,0,0,,,,,,,,,,,,,,,,,,,,,,,,,,,,,,,,,,,,,,,,,,,,,,,,,,,,,,,,,,,,,,,,,
ALL,O,89,Area,4,,,,,,0700,,0,0,5,0,A,m²,in²,0,0,0,0,0,0,0,0,0,0,0,0,0,0,0,0,0,0,0,0,0,0,0,0,0,0,0,0,0,0,0,0,0,0,0,0,0,0,0,0,0,0,0,0,0,0,0,0,0,0,0,0,0,0,0,0,0,0,0,0,7,0,0,0,0,0,0,0,0,,,,,,,,,,,,,,,,,,,,,,,,,,,,,,,,,,,,,,,,,,,,,,,,,,,,,,,,,,,,,,,,,
ALL,O,90,Volume,4,,,,,,0600,,0,0,7,0,V,m³,in³,0,0,0,0,0,0,0,0,0,0,0,0,0,0,0,0,0,0,0,0,0,0,0,0,0,0,0,0,0,0,0,0,0,0,0,0,0,0,0,0,0,0,0,0,0,0,0,0,0,0,0,0,0,0,0,0,0,0,0,0,0,7,0,0,0,0,0,0,0,,,,,,,,,,,,,,,,,,,,,,,,,,,,,,,,,,,,,,,,,,,,,,,,,,,,,,,,,,,,,,,,,
ALL,O,91,Velocity,4,,,,,,1200,,0,0,3,0,V,m/s,mile/s,0,0,0,0,0,0,0,0,0,0,0,0,0,0,0,0,0,0,0,0,0,0,0,0,0,0,0,0,0,0,0,0,0,0,0,0,0,0,0,0,0,0,0,0,0,0,0,0,0,0,0,0,0,0,0,0,0,0,0,0,0,0,7,0,0,0,0,0,0,,,,,,,,,,,,,,,,,,,,,,,,,,,,,,,,,,,,,,,,,,,,,,,,,,,,,,,,,,,,,,,,,
ALL,O,92,Weight,4,,,,,,0800,,0,0,1,0,W,kg,lb,0,0,0,0,0,0,0,0,0,0,0,0,0,0,0,0,0,0,0,0,0,0,0,0,0,0,0,0,0,0,0,0,0,0,0,0,0,0,0,0,0,0,0,0,0,0,0,0,0,0,0,0,0,0,0,0,0,0,0,0,0,0,0,7,0,0,0,0,0,,,,,,,,,,,,,,,,,,,,,,,,,,,,,,,,,,,,,,,,,,,,,,,,,,,,,,,,,,,,,,,,,
ALL,O,93,Viscosity,4,,,,,,1300,,0,0,4,2,Vi,cP,lbf s/in²,0,0,0,0,0,0,0,0,0,0,0,0,0,0,0,0,0,0,0,0,0,0,0,0,0,0,0,0,0,0,0,0,0,0,0,0,0,0,0,0,0,0,0,0,0,0,0,0,0,0,0,0,0,0,0,0,0,0,0,0,0,0,0,0,7,0,0,0,0,,,,,,,,,,,,,,,,,,,,,,,,,,,,,,,,,,,,,,,,,,,,,,,,,,,,,,,,,,,,,,,,,
ALL,O,94,Energy,4,,,,,,0300,,0,0,3,2,E,kJ,BTU,0,0,0,0,0,0,0,0,0,0,0,0,0,0,0,0,0,0,0,0,0,0,0,0,0,0,0,0,0,0,0,0,0,0,0,0,0,0,0,0,0,0,0,0,0,0,0,0,0,0,0,0,0,0,0,0,0,0,0,0,0,0,0,0,0,7,0,0,0,,,,,,,,,,,,,,,,,,,,,,,,,,,,,,,,,,,,,,,,,,,,,,,,,,,,,,,,,,,,,,,,,
ALL,O,95,TranceCoeff ,4,,,,,,0400,,0,0,2,1,α,W/m²-K,BTU/ft² h F,0,0,0,0,0,0,0,0,0,0,0,0,0,0,0,0,0,0,0,0,0,0,0,4,0,0,0,0,0,0,0,0,0,0,0,0,0,0,0,0,0,0,0,0,4,0,0,0,0,0,0,0,0,0,0,0,0,0,0,0,0,0,0,0,0,0,7,0,0,,,,,,,,,,,,,,,,,,,,,,,,,,,,,,,,,,,,,,,,,,,,,,,,,,,,,,,,,,,,,,,,,
ALL,O,96,ConductCoeff ,4,,,,,,2000,,0,0,2,1,λ,W/m-K,BTU/ft h F,0,0,0,0,0,0,0,0,0,0,0,0,0,0,0,0,0,0,0,0,0,0,0,0,0,0,0,0,0,0,0,0,0,0,0,0,0,0,0,0,0,0,0,0,4,0,0,0,0,0,0,0,0,0,0,0,0,0,0,0,0,0,0,0,0,0,0,7,0,,,,,,,,,,,,,,,,,,,,,,,,,,,,,,,,,,,,,,,,,,,,,,,,,,,,,,,,,,,,,,,,,
ALL,O,97,SpecEnt,4,,,,,,1900,,0,0,3,2,H,kJ/kg,BTU/lb,0,0,0,0,0,0,0,0,0,0,0,0,0,0,0,0,0,0,0,0,0,0,0,0,0,0,0,0,0,0,0,0,0,0,0,0,0,0,0,0,0,0,0,0,0,0,0,0,0,0,0,0,0,0,0,0,0,0,0,0,0,0,0,0,0,0,0,0,7,,,,,,,,,,,,,,,,,,,,,,,,,,,,,,,,,,,,,,,,,,,,,,,,,,,,,,,,,,,,,,,,,
LQD,O,99,WtrFlowRate,4,,,,,,2400,,0,0,2,0,Qw,m³/h,gal/h,0,0,0,0,0,0,0,0,0,0,0,0,0,0,0,0,0,0,0,0,0,0,0,0,0,0,0,0,0,0,0,0,0,0,0,0,0,0,0,0,7,7,0,7,0,0,0,0,0,0,0,0,0,0,0,0,0,0,0,0,0,0,0,0,0,0,0,0,0,,,,,,,,,,,,,,,,,,,,,,,,,,,,,,,,,,,,,,,,,,,,,,,,,,,,,,,,,,,,,,,,,
ALL,O,200,PressLoss,0,,,,,,1000,,0,3,2,4,∆p,Pa,psi,5,5,5,7,0,0,0,0,0,0,0,0,0,0,0,0,0,0,0,0,0,0,0,0,0,0,0,0,0,0,0,0,5,5,0,0,5,5,7,0,0,0,0,0,0,5,5,7,7,0,0,0,0,0,0,0,0,0,0,0,0,0,0,0,0,0,0,0,0,,Pressure Loss,Pressure Loss,19,,圧力損失,,,,Druckverlust,,,,Perte de charge,,19,,压损,,,,壓損,,,,압력손실,,,,Caída de Presión,Caída de Pres.,,,Потери давления,,,,Perda de pressão,,,,Basınç Kaybı,,,,Spadek ciśnienia,,,,Caduta di pressione,,,,Caída de presión,,,,Drukverlies,,,,การเสียความดัน,,,
ALL,O,201,Reynolds,0,,,,,,,,-1,-1,-1,-1,Re,,,0,0,0,0,0,0,0,0,0,0,0,0,0,0,0,0,0,0,0,0,0,0,0,0,0,0,0,0,0,0,0,0,0,0,0,0,0,0,0,0,0,0,0,0,0,0,0,0,0,0,0,0,0,0,0,0,0,0,0,0,0,0,0,0,0,0,0,0,0,,Reynolds Number,Reynolds Number,19,,レイノルズ数,,,,Reynoldszahl,,,,Nombre de Reynolds,,19,,雷诺数,,,,雷諾數,,,,레이놀즈 수,,,,Numero de Reynolds,Num. de Reynolds,,,Число Рейнольдса,,,,Número de Reynolds,,,,Reynold Sayısı,,,,Liczba Reynolds'a,,,,Numero di Reynolds,,,,Número de Reynolds,,,,Reynoldsgetal,,,,ตัวเลขเรย์โนลด์,,,
ALL,O,202,EquivPipeLeng,0,,,,,,0200,,2,2,4,2,-,m,ft,1,1,0,1,0,0,0,0,0,0,0,0,0,0,0,0,0,0,0,0,0,0,0,0,0,0,0,0,0,0,0,0,1,1,0,0,1,1,1,0,0,0,0,0,0,1,1,1,1,0,0,0,0,0,0,0,0,0,0,0,0,0,0,0,0,0,0,0,0,,Equivalent Length of Straight Pipe,Equiv Pipe Length,19,,直管相当長さ,,,,Vergleichsrohrlänge,,,,Longueur équivalente de tuyauterie droite,,19,,管道长度当量值,,,,管道長度當量值,,,,직관상당길이,,,,Longitud Equivalente a una Tubería Horizontal,Long. Equivalente a una Tub. Horiz.,,,Эквивалентная длина прямого участка трубы,,,,Comprimento equivalente de tubo linear,,,,Düz Borunun Eşdeğer Uzunluğu,,,,Równoważna długość rurociągu prostego,,,,Lunghezza equivalente della tubazione dritta,,,,Longitud equivalente a una tubería horizontal,,,,Gelijkwaardige lengte van rechte leiding,,,,ความยาวสมมูลของท่อตรง,,,
GAS,O,203,AirVisco,0,,,,,,1300,,0,0,4,2,ν,cP,lbf s/in²,0,0,0,0,0,0,0,0,0,0,0,0,0,0,0,0,0,0,0,0,0,0,0,0,0,0,0,0,0,0,0,0,0,0,0,0,0,0,0,0,0,0,0,0,0,0,0,0,0,0,0,0,0,0,0,0,0,0,0,0,0,0,0,0,0,0,0,0,0,,Viscosity,Viscosity,19,,粘度,,,,Viskosität,,,,Viscosité,,19,,粘度,,,,粘度,,,,점도,,,,Viscosidad,Viscosidad,,,Вязкость,,,,Viscosidade,,,,Viskozite,,,,Lepkość,,,,Viscosità,,,,Viscosidad,,,,Viscositeit,,,,ความหนืด,,,
GAS,O,204,InitMoistCont,0,,,,,,3000,,0,0,1,0,X1,g/kg,lb/lb,0,0,0,0,0,0,0,0,0,0,0,0,0,0,0,0,0,0,0,0,0,0,0,0,0,0,0,0,0,0,0,0,0,0,0,0,0,0,0,0,0,0,0,0,0,0,0,0,0,0,0,0,0,0,5,0,0,0,0,0,0,0,0,0,0,0,0,0,0,,Moisture Content of Initial Air,Initial Air Moistur,19,The moisture content of initial air is the product of the relative humidity and the absolute humidity of saturated humid air.,初期水蒸気量,,,初期水蒸気量は、相対湿度と飽和湿り空気の絶対湿度の積で求めます。単位は空気1kg中の水蒸気量(g)を示します。,Luftfeuchtegehalt vor Abkühlung,,,Der Wassergehalt der Luft wird durch relative und absolute Feuchte der gesättigten feuchten Luft bestimmt.,Degré initial d'humidité de l'air,,19,L'humidité contenue dans l'air est le produit entre l'humidité relative et l'humidité absolue de l'air saturé humide,初始空气湿度,,,初始空气湿度是由相对湿度和饱和湿空气的绝对湿度所决定。,初始空氣濕度,,,初始空氣濕度是由相對濕度和飽和濕空氣的絕對濕度所決定。,초기 수증기량,,,초기수분함량은 상대습도와 절대습도의 관계로 구해집니다. 단위는 공기1kg중 수분함량(g)을 나타냅니다.,Contenido de Húmedad del Aire Inicial,Cont. Húmedad Aire Inicial,,El contenido de húmedad del aire inicial es el producto de la húmedad relativa y la húmedad absoluta del aire húmedo saturado.,Влагосодержание воздуха,,,Влагосодержание воздуха является продуктом относительной влажности и абсолютной влажности насышенного влажного воздуха,Teor de umidade inicial do ar,,,"O teor de umidade inicial do ar, é consequente da umidade relativa e a umidade absoluta do ar úmido saturado.",Başlangıç Havasının Nem İçeriği,,,"Başlangıç havasının nem içeriği , doymuş nemli havanın mutlak nemi ve bağıl nemin ürünüdür.",Zawartość wilgoci w powietrzu dolotowym,,,Zawartość wilgoci w powietrzu dolotowym jest związana z wilgotnością względną oraz wilgotnością bezwzględną nasyconego powietrza wilgotnego.,Contenuto di umidità nell'aria iniziale,,,Il contenuto di umidità nell'aria è il prodotto dell'umidità relativa e dell'umidità assoluta dell'aria umida satura,Contenido de humedad del aire inicial,,,El contenido de humedad del aire inicial es el producto de la humedad relativa y la humedad absoluta del aire húmedo saturado.,Vochtigheidsgehalte van beginlucht,,,Het vochtigheidsgehalte van de beginlucht is het product van de relatieve vochtigheid en de absolute vochtigheid van verzadigde vochtige lucht.,ปริมาณความชื้นของอากาศแรกเริ่ม,,,ปริมาณความชื้นของอากาศแรกเริ่ม คือ ผลที่เกิดจากความชื้นสัมพัทธ์และความชื้นสัมบูรณ์ของอากาศชื้นอิ่มตัว
GAS,O,205,Humidity,0,,,,,,3000,,0,0,1,0,,g/kg,lb/lb,0,0,0,0,0,0,0,0,0,0,0,0,0,0,0,0,0,0,0,0,0,0,0,0,0,0,0,0,0,0,0,0,0,0,0,0,0,0,0,0,0,0,0,0,0,0,0,0,0,0,0,0,0,0,0,7,0,0,0,0,0,0,0,0,0,0,0,0,0,,Absolute Humidity,Absolute Humidity,19,The absolute humidity is the mass of vapor that is contained in a specified amount of air.,絶対湿度,,,１kgの空気中に含まれている水蒸気量をg単位で表したものを絶対湿度といいます。,Absolute Luftfeuchte,,,Die absolute Luftfeuchtigkeit ist die in einer bestimmten Luftmenge enthaltene Flüssigkeitsmenge (kg Flüssigkeit / kg trockene Luft).,Humidité absolue,,19,L'humidité absolue est la masse de vapeur d'eau contenue dans une quantité spécifique d'air ,绝对湿度,,,绝对湿度是指单位体积空气中所含水蒸气的质量。,絕對濕度,,,絕對濕度是指單位體積空氣中所含水蒸氣的質量。,절대습도,,,１kg공기중의 수분함량은 g단위로 표시하는 것을 절대습도라고 합니다.,Húmedad Absoluta,Húmedad Abs.,,La húmedad absoluta es la masa de vapor contenido en un monto especificado de aire.,Абсолютная влажность,,,"Абсолютной влажностью является количество влаги, содержащейся в одном кубическом метре воздуха",Umidade absoluta,,,A umidade absoluta é a massa de vapor que está contido em uma quantidade específicada de ar.,Mutlak Nem,,,"Mutlak nem, belirli bir miktar havanın içerdiği buharın kütlesidir.",Wilgotność bezwzględna,,,Wilgotność bezwzględna jest masą pary wodnej która jest zawarta w określonej ilości powietrza.,Umidità assoluta,,,L'umidità assoluta è la massa di vapore che è contenuta in una specifica quantità di aria,Humedad absoluta,,,La humedad absoluta es la masa de vapor contenido en una cantidad especificada de aire.,Absolute vochtigheid,,,De absolute vochtigheid is de massa van de damp die zich in een specifieke hoeveelheid lucht bevindt.,ความชื้นสัมบูรณ์,,,ความชื้นสัมบูรณ์ คือ มวลของไอที่จุอยู่ในปริมาณอากาศที่จำเพาะ
GAS,O,206,PartPress,0,101.325,!,0,=,22064,0900,,0,3,2,5,ps,kPa abs,psia,0,0,0,0,0,0,0,0,0,0,0,0,0,0,0,0,0,0,0,0,0,1,5,0,0,0,0,0,0,0,0,0,0,0,0,0,0,0,0,0,0,0,0,0,0,0,0,0,0,0,0,0,0,0,0,7,0,0,0,0,0,0,0,0,0,0,0,0,0,,Partial Pressure of Vapor,Vapor Partial Press,19,The partial pressure of vapor is the pressure of vapor contained in air.,水蒸気分圧,,,空気中に含まれる水蒸気の圧力を水蒸気分圧といいます。,Partialdruck des Wasserdampfes,,,"Der Partialdruck des Wasserdampfes, ist der Druck der in der Luft enthaltenen Flüssigkeitsmenge.",Pression partielle de la vapeur d'eau,,19,La pression partielle de la vapeur est celle de la vapeur d'eau contenue dans l'air.,蒸发分压力,,,蒸发分压是指空气中所含蒸气的压力。,蒸發分壓力,,,蒸發分壓是指空氣中所含蒸氣的壓力。,수증기 분압,,,공기중에 포함된 수분의 압력을 수증기 분압이라고 합니다.,Presión Parcial del Vapor,Pres. Parcial Vapor,,La presión parcial del vapor es la presión del vapor contenido en el aire.,Парциальное давление пара,,,Парциальным давлением пара является давление пара содержащегося в воздухе,Pressão parcial do vapor,,,A pressão parcial do vapor é a pressão do vapor contida no ar.,Buharın Kısmi Basıncı,,,"Buharın kısmi basıncı , havanın içerdiği buharın basıncıdır.",Ciśnienie cząstkowe pary,,,Ciśnienie cząstkowe pary jest ciśnieniem pary zawartej w powietrzu.,Pressione parziale del vapore,,,La pressione parziale del vapore è la pressione del vapore contenuta nell'aria,Presión parcial del vapor,,,La presión parcial del vapor es la presión del vapor contenido en el aire.,Gedeeltelijke dampdruk,,,De gedeeltelijke dampdruk is de druk van de damp die zich in de lucht bevindt.,ความดันบางส่วนของไอ,,,ความดันบางส่วนของไอ คือ ความดันของไอในอากาศ
GAS,O,207,AirSpecVol,0,,,,,,1700,,0,0,1,0,V,m³/kg,ft³/lb,0,0,0,0,0,0,0,0,0,0,0,0,0,0,0,0,0,0,0,0,0,0,0,0,0,0,0,0,0,0,0,0,0,0,0,0,0,0,0,0,0,0,0,0,0,0,0,0,0,0,0,0,0,0,0,7,0,0,0,0,0,0,0,0,0,0,0,0,0,,Specific Volume,Specific Volume,19,,比体積,,,,Spez. Luftvolumen,,,,Volume spécifique,,19,,比容,,,,比容,,,,비체적,,,,Volumen Específico,Vol. Esp.,,,Удельный объем,,,,Volume específico,,,,Özgül Hacim,,,,Objętość właściwa,,,,Volume specifico,,,,Volumen específico,,,,Soortelijk volume,,,,ความจุจำเพาะ,,,
LQD,O,208,DewPoint,0,,,,,,0100,,0,0,1,0,Tdp,°C,°F,0,0,0,0,0,0,0,0,0,0,0,0,0,0,0,0,0,0,0,0,0,0,0,0,0,0,0,0,0,0,0,0,0,0,0,0,0,0,0,0,0,0,0,0,5,0,0,0,0,0,0,0,0,0,1,0,0,0,0,0,0,0,0,0,0,0,0,0,0,,Dew Point,Dew Point,19,The dew point is the surface temperature at which dew begins to form (condense) on the surface of an object when it is cooled in air.,露点,,,露点とは、空気中で物体を冷却していって表面に露が出来始める時の表面温度をいいます。,Taupunkt,,,"Der Taupunkt ist die Temperatur, bis zu der man feuchte Luft abkühlen muss, bis sie voll gesättigt ist (Taubildung auf kalten Oberflächen).",Point de rosée,,19,Le point de rosée est la température de surface à partir de laquelle la rosée commence à se former ( condensation ) sur la surface d'un objet quand il est refroidi dans l'air.,露点,,,露点是指空气在水汽含量和气压都不改变的条件下，冷却到饱和时的温度。,露點,,,露點是指空氣在水汽含量和氣壓都不改變的條件下，冷卻到飽和時的溫度。,노점,,,이슬점은 공기중에서 물체를 냉각시켜 표면에 이슬이 맺히는 순간의 표면온도입니다.,Punto de Rocío,Punto Rocío,,El punto de rocío es la temperatura de la superficie en la cual el rocío se empieza a formar (condensación) en la superficie de un objeto cuando este se enfría en el aire.,Точка росы,,,"Точкой росы является теипература до которой должен охладиться воздух, чтобы содержащийся в нём пар достиг состояния насыщениея и начал конденсироваться в росу",Ponto de orvalho,,,"O ponto de orvalho é a temperatura até a qual o ar deve ser resfriado para que a condensação de água se inicie, ou seja, para que o ar fique saturado de vapor de água.",Yoğuşma Noktası,,,"Yoğuşma noktası , havanın soğuduğunda bir cismin yüzeyinde oluşan çiylenme(yoğuşma) başlarken oluşan yüzey sıcaklığıdır.",Punkt rosy,,,Punkt rosy jest temperaturą powierzchni przy której rosa zaczyna się formować(kondensacja) na powierzchni obiektu gdy jest schładzany w powietrzu.,Punto di rugiada,,,Il punto di rugiada è la temperatura superficiale a cui la rugiada inizia a formarsi (condensare) sulla superficie di un oggetto quando è raffreddato in aria,Punto de rocío,,,El punto de rocío es la temperatura de la superficie en la que el rocío se empieza a formar (condensación) en la superficie de un objeto cuando este se enfría en el aire.,Dauwpunt,,,Het dauwpunt is de oppervlaktemperatuur waarbij dauw zich begint te vormen (condenseren) op het oppervlak van een voorwerp wanneer dit in lucht wordt gekoeld.,จุดน้ำค้าง,,,จุดน้ำค้าง คือ อุณหภูมิพื้นผิวที่ซึ่งน้ำค้างเริ่มก่อตัว (ควบแน่น) บนพื้นผิวของวัตถุเมื่ออากาศเย็น
STM,O,209,SaturatTemp,0,,,,,,0100,,0,0,1,0,,°C,°F,0,0,0,0,0,0,0,0,0,0,0,0,0,0,0,0,0,0,0,0,5,5,5,0,7,0,0,0,0,0,0,0,0,0,0,0,0,0,0,0,0,0,0,0,0,0,0,0,0,0,0,0,0,0,0,0,0,0,0,0,0,0,0,0,0,0,0,0,0,,Saturated Steam Temperature,Sat Steam Temp,19,,飽和蒸気温度,,,,Sattdampftemperatur,,,,Température de vapeur saturée,,19,,饱和蒸汽温度,,,,飽和蒸汽溫度,,,,포화증기온도,,,,Temperatura del Vapor Saturado,Temp. Vapor Sat.,,,Температура насыщенного пара,,,,Temperatura do vapor saturado,,,,Doymuş Buhar Sıcaklığı,,,,Temperatura nasycenia pary wodnej,,,,Temperatura di saturazione del vapore,,,,Temperatura del vapor saturado,,,,Temperatuur van verzadigde stoom,,,,อุณหภูมิไอน้ำอิ่มตัว,,,
STM,O,210,SuperHeatSpecEnt,0,,,,,,1900,,0,0,3,2,,kJ/kg,BTU/lb,0,0,0,0,0,0,0,0,0,0,0,0,0,0,0,0,0,0,0,0,0,0,0,0,0,0,7,0,0,0,0,0,0,0,0,0,0,0,0,0,0,0,0,0,0,0,0,0,0,0,0,0,0,0,0,0,0,0,0,0,0,0,0,0,0,0,0,0,0,,Specific Enthalpy of Superheated Steam,Spc Enthlp S-ht Stm,19,,過熱蒸気の比エンタルピ,,,,Spez. Enthalpie überhitzter Dampf,,,,Enthalpie spécifique de vapeur surchauffée,,19,,过热蒸汽热焓,,,,過熱蒸汽熱焓,,,,과열증기의 비엔탈피,,,,Entalpía Específica del Vapor Sobre-calentado,Entalpía Esp. Vapor Sobre-Calentado,,,Энтальпия перегретого пара,,,,Entalpia específica do vapor superaquecido,,,,Kızgın Buharın Özgül Entalpisi,,,,Entalpia właściwa pary przegrzanej,,,,Entalpia specifica del vapore surriscaldato,,,,Entalpía específica del vapor sobrecalentado,,,,Soortelijke enthalpie van oververhitte stoom,,,,เอนทัลปีจำเพาะของไอน้ำที่ร้อนมาก,,,
STM,O,211,LatentHeat,0,,,,,,1900,,0,0,3,2,∆H,kJ/kg,BTU/lb,0,0,0,0,0,0,0,0,0,0,0,0,0,0,0,0,0,0,0,0,0,0,0,0,3,3,0,0,0,0,0,0,0,0,0,0,0,0,0,0,0,0,0,0,0,0,0,0,0,0,0,0,0,0,0,0,0,0,0,0,0,0,0,0,0,0,0,0,0,,Latent Heat of Steam,Latent Heat Steam,19,,蒸気潜熱,,,,Verdampfungswärme,,,,Chaleur latente de la vapeur,,19,,蒸汽潜热,,,,蒸汽潛熱,,,,증기잠열,,,,Calor Latente del Vapor,Calor Latente Vap.,,,Скрытая теплота парообразования,,,,Calor latente do vapor,,,,Buharın Gizli Isısı,,,,Ciepło parowania/skraplania pary wodnej,,,,Calore latente del vapore,,,,Calor latente del vapor,,,,Latente warmte van stoom,,,,ความร้อนแฝงของไอน้ำ,,,
STM,O,212,SuperHeatSpecVol,0,,,,,,1700,,0,0,1,0,,m³/kg,ft³/lb,0,0,0,0,0,0,0,0,0,0,0,0,0,0,0,0,0,0,0,0,0,0,0,0,0,0,7,0,0,0,0,0,0,0,0,0,0,0,0,0,0,0,0,0,0,0,0,0,0,0,0,0,0,0,0,0,0,0,0,0,0,0,0,0,0,0,0,0,0,,Specific Volume of Superheated Steam,Spc Vol S-heat Stm,19,,過熱蒸気の比体積,,,,Spez. Volumen überhitzter Dampf,,,,Volume spécifique de la vapeur surchauffée,,19,,过热蒸汽比容,,,,過熱蒸汽比容,,,,과열증기의 비체적,,,,Volumen Específico del Vapor Sobre-calentado,Vol. Esp. Vapor Sobre-calentado,,,Удельный объем перегретого пара,,,,Volume especifíco do vapor superaquecido,,,,Kızgın Buharın Özgül Hacmi,,,,Objętość właściwa pary przegrzanej,,,,Volume specifico del vapore surriscaldato,,,,Volumen específico del vapor sobrecalentado,,,,Soortelijk volume van oververhitte stoom,,,,ความจุจำเพาะของไอน้ำที่ร้อนมาก,,,
STM,O,213,SatSpecEnt,0,,,,,,1900,,0,0,3,2,,kJ/kg,BTU/lb,0,0,0,0,0,0,0,0,0,0,0,0,0,0,0,0,0,0,0,0,0,0,0,0,7,7,0,0,0,0,0,0,0,0,0,0,0,0,0,0,0,0,0,0,0,0,0,0,0,0,0,0,0,0,0,0,0,0,0,0,0,0,0,0,0,0,0,0,0,,Specific Enthalpy of Saturated Steam,Spc Enthlp Sat Stm,19,,飽和蒸気の比エンタルピ,,,,Spez. Enthalpie Sattdampf,,,,Enthalpie spécifique de la vapeur saturée,,19,,饱和蒸汽热焓,,,,飽和蒸汽熱焓,,,,포화증기의 비엔탈피,,,,Entalpía Específica del Vapor Saturado,Entalpía Esp. Vapor Sat.,,,Энтальпия насыщенного пара,,,,Entalpia especiífica do vapor saturado,,,,Doymuş Buharın Özgül Entalpisi,,,,Entalpia właściwa pary nasyconej,,,,Entalpia specifica del vapore saturo,,,,Entalpía específica del vapor saturado,,,,Soortelijke enthalpie van verzadigde stoom,,,,เอนทัลปีจำเพาะของไอน้ำอิ่มตัว,,,
STM,O,214,SuperHeatSpec,0,,,,,,0500,,0,0,2,1,,kJ/kg-K,BTU/lb F,0,0,0,0,0,0,0,0,0,0,0,0,0,0,0,0,0,0,0,0,0,0,0,0,0,0,7,0,0,0,0,0,0,0,0,0,0,0,0,0,0,0,0,0,0,0,0,0,0,0,0,0,0,0,0,0,0,0,0,0,0,0,0,0,0,0,0,0,0,,Specific Heat of Superheated Steam,Spc H S-heated Stm,19,,過熱蒸気の比熱,,,,Spez. Wärmekapazität überhitzter Dampf,,,,Chaleur spécifique de la vapeur surchauffée,,19,,过热蒸汽比热,,,,過熱蒸汽比熱,,,,과열증기의 비열,,,,Calor Específico del Vapor Sobre-calentado,Calor Esp. Vapor Sobre-calentado,,,Удельная теплоемкость перегретого пара,,,,Calor especifíco do vapor superaquecido,,,,Kızgın Buharın Özgül Isısı,,,,Ciepło właściwe pary przegrzanej,,,,Calore specifico del vapore surriscaldato,,,,Calor específico del vapor sobrecalentado,,,,Soortelijke warmte van oververhitte stoom,,,,ความร้อนจำเพาะของไอน้ำที่ร้อนมาก,,,
STM,O,215,SatWaterSpecEnt,0,,,,,,1900,,0,0,3,2,,kJ/kg,BTU/lb,0,0,0,0,0,0,0,0,0,0,0,0,0,0,0,0,0,0,0,0,0,0,0,0,7,7,0,0,0,0,0,0,0,0,0,0,0,0,0,0,0,0,0,0,0,0,0,0,0,0,0,0,0,0,0,0,0,0,0,0,0,0,0,0,0,0,0,0,0,,Specific Enthalpy of Saturated Water,Spc Enthlp Sat Wtr,19,,飽和水の比エンタルピ,,,,Spez. Enthalpie Wasser,,,,Enthalpie spécifique de l'eau saturée,,19,,水的热焓,,,,水的熱焓,,,,포화수의 비엔탈피,,,,Entalpía Específica del Agua Saturada,Entalpía Esp. Agua Sat.,,,Энтальпия воды,,,,Entalpia especifíca do vapor superaquecido,,,,Doymuş Suyun Özgül Entalpisi,,,,Entalpia właściwa nasyconej wody,,,,Entalpia specifica del vapore saturo,,,,Entalpía específica del agua saturada,,,,Soortelijke enthalpie van verzadigd water,,,,เอนทัลปีจำเพาะของน้ำอิ่มตัว,,,
STM,O,216,SuperHeatVisco,0,,,,,,1300,,0,0,4,2,,mPa-s,lbf s/in²,0,0,0,0,0,0,0,0,0,0,0,0,0,0,0,0,0,0,0,0,0,0,0,0,0,0,7,0,0,0,0,0,0,0,0,0,0,0,0,0,0,0,0,0,0,0,0,0,0,0,0,0,0,0,0,0,0,0,0,0,0,0,0,0,0,0,0,0,0,,Viscosity of Superheated Steam,Viscty S-heat Steam,19,,過熱蒸気の粘度,,,,Viskosität überhitzter Dampf,,,,Viscosité de la vapeur surchauffée,,19,,过热蒸汽粘度,,,,過熱蒸汽粘度,,,,과열증기의 점도,,,,Viscosidad del Vapor Sobre-calentado,Viscosidad Vapor Sobre-calentado,,,Вязкость перегретого пара,,,,Viscosidade do vapor superaquecido,,,,Kızgın Buharın Viskozitesi,,,,Lepkość pary przegrzanej,,,,Viscosità del vapore surriscaldato,,,,Viscosidad del vapor sobrecalentado,,,,Viscositeit van oververhitte stoom,,,,ความหนืดของไอน้ำที่ร้อนมาก,,,
STM,O,217,SatSpecVol,0,,,,,,1700,,0,0,1,0,,m³/kg,ft³/lb,0,0,0,0,0,0,0,0,0,0,0,0,0,0,0,0,0,0,0,0,0,0,0,0,7,7,0,0,0,0,0,0,0,0,0,0,0,0,0,0,0,0,0,0,0,0,0,0,0,0,0,0,0,0,0,0,0,0,0,0,0,0,0,0,0,0,0,0,0,,Specific Volume of Saturated Steam,Spc Vol Sat Steam,19,,飽和蒸気の比体積,,,,Spez. Volumen Sattdampf,,,,Volume spécifique de la vapeur saturée,,19,,饱和蒸汽比容,,,,飽和蒸汽比容,,,,포화증기의 비체적,,,,Volumen Específico del Vapor Saturado,Vol. Esp. Vapor Sat.,,,Удельный объем насыщенного пара,,,,Volume especifíco do vapor saturado,,,,Doymuş Buharın Özgül Hacmi,,,,Objętość właściwa pary nasyconej,,,,Volume specifico del vapore saturo,,,,Volumen específico del vapor saturado,,,,Soortelijk volume van verzadigde stoom,,,,ความจุจำเพาะของไอน้ำอิ่มตัว,,,
STM,O,218,SatWaterSpecVol,0,,,,,,1700,,0,0,1,0,,m³/kg,ft³/lb,0,0,0,0,0,0,0,0,0,0,0,0,0,0,0,0,0,0,0,0,0,0,0,0,7,7,0,0,0,0,0,0,0,0,0,0,0,0,0,0,0,0,0,0,0,0,0,0,0,0,0,0,0,0,0,0,0,0,0,0,0,0,0,0,0,0,0,0,0,,Specific Volume of Saturated Water,Spc Vol Sat Water,19,,飽和水の比体積,,,,Spez. Volumen gesättigtes Wasser,,,,Volume spécifique de l'eau saturée,,19,,饱和水比容,,,,飽和水比容,,,,포화수의 비체적,,,,Volumen Específico del Agua Saturada,Vol. Esp. Agua Sat.,,,Удельный объем воды,,,,Volume especifíco da água saturada,,,,Doymuş Suyun Özgül Hacmi,,,,Objętość właściwa nasyconej wody,,,,Volume specifico del vapore saturo,,,,Volumen específico del agua saturada,,,,Soortelijk volume van verzadigd water,,,,ความจุจำเพาะของน้ำอิ่มตัว,,,
STM,O,219,Radiant,0,,,,,,1100,,0,0,3,2,Qr,W/m,BTU/ft h,0,0,0,0,0,0,0,0,0,0,5,0,0,0,0,0,0,0,0,0,0,0,0,5,0,0,0,0,0,0,0,0,0,0,0,0,0,0,0,0,0,0,0,0,0,0,0,0,0,0,0,0,0,0,0,0,0,0,0,0,0,0,0,0,0,0,0,0,0,,Radiant Heat,Radiant Heat,19,,放散熱量,,,,Wärmeverlust,,,,Radiant de température,,19,,辐射热,,,,輻射熱,,,,방산열량,,,,Calor Radiante,Calor Radiante,,,Теплопотери,,,,Calor radiante,,,,Radyan(Işıma) Isı,,,,Ciepło promieniowania,,,,Calore radiante,,,,Calor radiante,,,,Stralingswarmte,,,,ความร้อนจากการแผ่รังสี,,,
STM,O,220,CondLoad,0,,,,,,0800,,0,0,1,0,,kg,lb,0,0,0,0,0,0,0,0,0,0,0,0,0,0,0,0,0,0,0,0,0,0,0,0,0,0,0,0,0,0,0,0,0,0,0,0,0,0,0,0,0,0,0,0,0,0,0,0,0,0,0,0,0,0,0,0,0,0,0,0,0,0,0,0,0,0,0,0,0,,Condensate Load,Condensate Load,19,,ドレン発生量,,,,Kondensatanfall,,,,Débit de condensât,,19,,冷凝水负载,,,,冷凝水負載,,,,응축수발생량,,,,Carga de Condensado,Carga Cond.,,,Расход конденсата,,,,Carga de condensado,,,,Kondens Yükü,,,,Ilość kondensatu,,,,Carico di condensa,,,,Carga de condensado,,,,Condensaatbelasting,,,,ปริมาณการควบแน่น,,,
STM,O,221,LoadFactor,0,,,,,,2500,,0,0,0,0,LF,%,%,0,0,0,0,0,0,0,0,0,0,0,0,0,0,0,0,5,0,0,0,0,0,0,0,0,0,0,0,0,0,0,0,0,0,0,0,0,0,0,0,0,0,0,0,0,0,0,0,0,0,0,0,0,0,0,0,0,0,0,0,0,0,0,0,0,0,0,0,0,,Boiler Load Factor,Boiler Load Factor,19,,ボイラ負荷率,,,,Kesselauslastung,,,,Taux de charge de la chaudière,,19,,锅炉负载系数,,,,鍋爐負載係數,,,,보일러 부하율,,,,Factor de Carga de la Caldera,Factor Carga Caldera,,,Коэффициент нагрузки котла,,,,Fator de carga da caldeira,,,,Kazan Yük Faktörü,,,,Współczynnik obciążenia kotła,,,,Fattore di carico della caldaia,,,,Factor de carga de la caldera,,,,Boilerbelastingsgraad,,,,ปัจจัยของปริมาณหม้อต้ม,,,
STM,O,222,StmCost,0,,,,,,2300,,0,0,1,0,Cs,$/t,$/1000lb,0,0,0,0,0,0,0,0,0,0,0,0,0,0,0,0,0,0,7,0,0,0,0,0,0,0,0,0,0,0,0,0,0,0,0,0,0,0,0,0,0,0,0,0,0,0,0,0,0,0,0,0,0,0,0,0,0,0,0,0,0,0,0,0,0,0,0,0,0,,Steam Unit Cost,Steam Unit Cost,19,,蒸気単価,,,,Dampfkosten,,,,Coût unitaire de la vapeur,,19,,单位蒸汽成本,,,,單位蒸汽成本,,,,증기단가,,,,Costo Unitario del Vapor,Costo Unit. Vapor,,,Удельная стоимость пара,,,,Custo unitário do vapor,,,,Buhar Birim Maliyeti,,,,Jednostkowy koszt pary,,,,Costo unitario del vapore,,,,Coste por unidad del vapor,,,,Kosten stoom-eenheid,,,,ต้นทุนต่อหน่วยของไอน้ำ,,,
STM,O,223,SecDryness,0,,,,,,2500,,0,0,0,0,X2,,,0,0,0,0,0,0,0,0,0,0,0,0,0,0,0,0,0,0,0,7,7,0,0,0,0,0,0,0,0,0,0,0,0,0,0,0,0,0,0,0,0,0,0,0,0,0,0,0,0,0,0,0,0,0,0,0,0,0,0,0,0,0,0,0,0,0,0,0,0,,Secondary Steam Dryness,Scndary Steam Dryns,19,,蒸気乾き度,,,,Dampftrockenheitsgrad nach Reduzierung,,,,Titre de la vapeur secondaire,,19,,二次蒸汽干燥度,,,,二次蒸汽乾燥度,,,,증기건도,,,,Sequedad del Vapor Secundario,Sequedad Vap. Sec.,,,Сухость пара на выходе,,,,Vapor seco secundário,,,,İkincil Buhar Kuruluğu,,,,Stopień suchości pary wylotowej,,,,Secchezza del vapore secondario,,,,Sequedad del vapor secundario,,,,Droogte van secundaire stoom,,,,การแห้งของไอน้ำขั้นที่สอง,,,
STM,O,224,DegreeOfSuper,0,,,,,,3500,,0,0,1,0,∆T,°C,°F,0,0,0,0,0,0,0,0,0,0,0,0,0,0,0,0,0,0,0,5,5,0,0,0,0,0,0,0,0,0,0,0,0,0,0,0,0,0,0,0,0,0,0,0,0,0,0,0,0,0,0,0,0,0,0,0,0,0,0,0,0,0,0,0,0,0,0,0,0,,Degree of Superheat ,Degree of Superheat ,19,,過熱度,,,,Dampfüberhitzungsgrad,,,,Degré de surchauffe,,19,,过热度,,,,過熱度,,,,과열도,,,,Grado de Sobre-calentamiento,Grado Sobre-calentamiento,,,Величина перегрева,,,,Grau de superaquecimento,,,,Kızgınlık Derecesi,,,,Stopień przegrzania pary wodnej,,,,Grado di surriscaldamento,,,,Grado de sobrecalentamiento,,,,Oververhittingsgraad ,,,,องศาของความร้อนยวดยิ่ง ,,,
STM,O,225,TotalAmount,0,,,,,,0800,,0,0,1,0,mc,kg,lb,0,0,0,0,0,0,0,0,0,0,0,0,7,0,0,0,0,0,0,0,0,0,0,0,0,0,0,0,0,0,0,0,0,0,0,0,0,0,0,0,0,0,0,0,0,0,0,0,0,0,0,0,0,0,0,0,0,0,0,0,0,0,0,0,0,0,0,0,0,,Condensate Load,Condensate Load,19,,ドレン発生量,,,,Gesamtkondensatanfall,,,,Débit de condensât,,19,,冷凝水负载,,,,冷凝水負載,,,,응축수발생량,,,,Carga de Condensado,Carga Cond.,,,Расход конденсата,,,,Carga de condensado,,,,Kondens Yükü,,,,Ilość kondensatu,,,,Carico di condensa,,,,Carga de condensado,,,,Condensaatbelasting,,,,ปริมาณการควบแน่น,,,
STM,O,226,AveAmount,0,,,,,,1600,,0,0,2,0,,kg/h,lb/h,0,0,0,0,0,0,0,0,0,0,0,0,1,0,0,0,0,0,0,0,0,0,0,0,0,0,0,0,0,0,0,0,0,0,0,0,0,0,0,0,0,0,0,0,0,0,0,0,0,0,0,0,0,0,0,0,0,0,0,0,0,0,0,0,0,0,0,0,0,,Average Condensate Load,Av Condensate Load,19,,平均ドレン発生量,,,,Durchschnittlicher Kondensatanfall,,,,Débit moyen de condensât,,19,,冷凝水负载平均值,,,,冷凝水負載平均值,,,,평균응축수발생량,,,,Carga de Condensado Promedio,Carga Cond. Promedio,,,Средний расход конденсата,,,,Carga média de condensado,,,,Ortalama Kondens Yükü,,,,Średnia ilość kondensatu,,,,Carico medio di condensa,,,,Carga de condensado media,,,,Gemiddelde condensaatbelasting,,,,ปริมาณควบแน่นเฉลี่ย,,,
STM,O,227,HeatRecover,0,,,,,,1100,,0,0,3,2,Hr,W,BTU/h,0,0,0,0,0,0,0,0,0,0,0,0,0,0,0,0,0,0,0,0,0,0,0,0,0,0,0,5,5,5,5,0,0,0,0,0,0,0,0,0,0,0,0,0,0,0,0,0,0,0,0,0,0,0,0,0,0,0,0,0,0,0,0,0,0,0,0,0,0,,Heat Recovered,Heat Recovered,19,,回収熱量,,,,Wärmerückgewinn,,,,Chaleur récupérée,,19,,回收的热量,,,,回收的熱量,,,,회수열량,,,,Calor Recuperado,Calor Rec.,,,Возвращенное тепло,,,,Calor recuperado,,,,Geri Kazanılmış Isı,,,,Ciepło odzyskane,,,,Calore recuperato,,,,Calor recuperado,,,,Herwonnen warmte,,,,การนำความร้อนกลับคืน,,,
STM,O,228,RecoverValue,0,,,,,,3100,,0,0,0,0,M,x1000$/year,x1000$/yr,0,0,0,0,0,0,0,0,0,0,0,0,0,0,0,0,0,0,0,0,0,0,0,0,0,0,0,7,7,7,7,0,0,0,0,0,0,0,0,0,0,0,0,0,0,0,0,0,0,0,0,0,0,0,0,0,0,0,0,0,0,0,0,0,0,0,0,0,0,,Monetary Fuel Savings,Monetary Fuel Sav,19,,回収メリット,,,,Brennstoffeinsparung,,,,Gains monétaires de combustible,,19,,燃料节约值,,,,燃料節約值,,,,회수 메리트,,,,Ahorros Monetarios de Combustible,Ahorro Monetario Comb.,,,Денежная экономия на топливе,,,,Economia monetária de combustível,,,,Parasal Yakıt Tasarrufu,,,,Pieniężna wartość zaoszczędzonego paliwa,,,,Risparmio monetario di carburante,,,,Ahorro monetario de combustible,,,,Monetaire brandstofbesparing,,,,การประหยัดค่าเชื้อเพลิง,,,
STM,O,229,AnnFuelSave,0,,,,,,3200,,0,0,1,0,,kg/year,lb/yr,0,0,0,0,0,0,0,0,0,0,0,0,0,0,0,0,0,0,0,0,0,0,0,0,0,0,0,1,1,1,1,0,0,0,0,0,0,0,0,0,0,0,0,0,0,0,0,0,0,0,0,0,0,0,0,0,0,0,0,0,0,0,0,0,0,0,0,0,0,,Fuel Saved Annually,Fuel Saved Annually,19,,年間燃料節約量,,,,Jährl. Brennstoffeinsparung,,,,Gains annuels de combustible ,,19,,燃料年节约量,,,,燃料年節約量,,,,년간연료절약량,,,,Combustible Ahorrado Anualmente,Comb. Ahorrado Anual,,,Годовая экономия,,,,Economia anual de combustível,,,,Yıllık Yakıt tasarrufu,,,,Roczna oszczędność paliwa,,,,Carburante salvato annualmente,,,,Combustible ahorrado anualmente,,,,Jaarlijkse brandstofbesparing,,,,ประหยัดเชื้อเพลิงประจำปี,,,
STM,O,230,FuelConserv,0,,,,,,2500,,0,0,0,0,FC,%,%,0,0,0,0,0,0,0,0,0,0,0,0,0,0,0,0,0,0,0,0,0,0,0,0,0,0,0,5,5,5,5,0,0,0,0,0,0,0,0,0,0,0,0,0,0,0,0,0,0,0,0,0,0,0,0,0,0,0,0,0,0,0,0,0,0,0,0,0,0,,% Fuel Conserved,% Fuel Conserved,19,,燃料節約率,,,,Prozentuale Brennstoffeinsparung,,,,% de combustible économisé,,19,,燃料节约%,,,,燃料節約%,,,,연료절약율,,,,% de Combustible Conservado,% Comb. Conservado,,,Экономия топлива,,,,% de combustível conservado,,,,Korunmuş Yakıt Yüzdesi,,,,% oszczędności paliwa,,,,% carburante conservato,,,,% de combustible conservado,,,,% geconserveerde brandstof,,,,% เก็บเป็นเชื้อเพลิง,,,
STM,O,231,UnrecoverHeat,0,,,,,,1100,,0,0,3,2,Hu,W,BTU/h,0,0,0,0,0,0,0,0,0,0,0,0,0,0,0,0,0,0,0,0,0,0,0,0,0,0,0,5,0,0,0,0,0,0,0,0,0,0,0,0,0,0,0,0,0,0,0,0,0,0,0,0,0,0,0,0,0,0,0,0,0,0,0,0,0,0,0,0,0,,Unrecoverable Heat ,Unrecoverable Heat,19,,回収不能熱量,,,,Nicht rückgewinnbare Wärme,,,,Chaleur non récupérable,,19,,不可回收热量,,,,不可回收熱量,,,,회수가 불가능한 열량,,,,Calor No Recuperable,Calor No Rec.,,,Невозвращаемая теплота,,,,Calor irrecuperável,,,,Kurtarılamayan Enerji,,,,Nieodzyskane ciepło,,,,Calore irrecuperabile,,,,Calor no recuperable,,,,Niet terugwinbare warmte ,,,,ความร้อนที่ไม่สามารถนำกลับมาใช้ได้ ,,,
STM,O,232,FlashFlowRate,0,,,,,,1600,,0,0,2,0,mfｓ,kg/h,lb/h,0,0,0,0,0,0,0,0,0,0,0,0,0,0,0,0,0,0,0,0,0,0,0,0,0,0,0,0,0,0,5,0,0,0,0,7,0,0,0,0,0,0,0,0,0,0,0,0,0,0,0,0,0,0,0,0,0,0,0,0,0,0,0,0,0,0,0,0,0,,Flash Steam Flow Rate,Flash Steam Flow Rt,19,,フラッシュ蒸気量,,,,Entspannungsdampfmenge,,,,Débit de vapeur de revaporisation,,19,,闪蒸汽流量,,,,閃蒸汽流量,,,,재증발 증기량,,,,Rango de Flujo de Vapor Flash,Rango Flujo Vap. Flash,,,Расход пара вторичного вскипания,,,,Vazão de vapor flash,,,,Flaş Buhar Debisi,,,,Przepływ pary wtórnej,,,,Portata del flash steam,,,,Flujo de vapor flash,,,,Flashstoomdebiet,,,,อัตราการไหลไอน้ำแฟลช,,,
STM,O,233,FeedWtrTemp2,0,,,,,,0100,,0,0,1,0,Tw,°C,°F,0,0,0,0,0,0,0,0,0,0,0,0,0,0,0,0,0,0,0,0,0,0,0,0,0,0,0,1,0,0,0,0,0,0,0,0,0,0,0,0,0,0,0,0,0,0,0,0,0,0,0,0,0,0,0,0,0,0,0,0,0,0,0,0,0,0,0,0,0,,Temperature of Boiler Feed Water,Boil Feed Wtr Temp,19,,ボイラへの給水温度,,,,Kesselspeisewassertemperatur,,,,Température de l'eau d'appoint de chaudière,,19,,锅炉给水温度,,,,鍋爐給水溫度,,,,보일러 급수온도,,,,Temperatura del Agua de Alimentación a la Caldera,Temp. Agua Alim. Caldera,,,Температура питательной воды,,,,Temperatura da água de alimentação da caldeira,,,,Kazan Besi Suyu Sıcaklığı,,,,Temperatura wody zasilającej,,,,Temperatura di alimentazione dell'acqua della caldaia,,,,Temperatura del agua de alimentación de la caldera,,,,Temperatuur van boilertoevoerwater,,,,อุณหภูมิของหม้อต้มป้อนน้ำ,,,
LQD,O,234,InsThick5,0,,,,,,0200,,0,0,3,0,L,m,ft,0,0,0,0,0,0,0,0,0,0,0,0,0,0,0,0,0,0,0,0,0,0,0,7,0,0,0,0,0,0,0,0,0,0,0,0,0,0,0,0,0,0,0,0,7,0,0,0,0,0,0,0,0,0,0,0,0,0,0,0,0,0,0,0,0,0,0,0,0,,Insulation Thickness,Insulation Thicknss,19,,保温材の厚さ,,,,Isolierstärke,,,,Epaisseur d'isolation ( calorifuge ),,19,,保温层厚度,,,,保溫層厚度,,,,보온의 두께,,,,Espesor de Aislamiento,Esp. Aislamiento,,,Толщина теплоизоляции,,,,Espessura do isolamento,,,,Yalıtım Kalınlığı,,,,Grubość izolacji,,,,Spessore dell'isolamento,,,,Espesor de aislamiento,,,,Isolatiedikte,,,,ความหนาของฉนวน,,,
LQD,O,235,SurfaceTemp,0,,,,,,0100,,0,0,1,0,Ts,°C,°F,0,0,0,0,0,0,0,0,0,0,0,0,0,0,0,0,0,0,0,0,0,0,0,1,0,0,0,0,0,0,0,0,0,0,0,0,0,0,0,0,0,0,0,0,0,0,0,0,0,0,0,0,0,0,0,0,0,0,0,0,0,0,0,0,0,0,0,0,0,,Surface Temperature,Surface Temperature,19,,表面温度,,,,Oberflächentemperatur,,,,Température de surface,,19,,表面温度,,,,表面溫度,,,,표면온도,,,,Temperatura de Superficie,Temp. Superficie,,,Температура поверхности,,,,Temperatura da superfície,,,,Yüzey Sıcaklığı,,,,Temperatura powierzchni,,,,Temperatura della superficie,,,,Temperatura de superficie,,,,Oppervlaktemperatuur,,,,อุณหภูมิพื้นผิว,,,
STM,O,236,TempDrop,0,,,,,,3500,,0,0,1,0,∆T,°C,°F,0,0,0,0,0,0,0,0,0,0,0,0,0,0,0,0,0,0,0,0,0,7,1,0,0,0,0,0,0,0,0,0,0,0,0,0,0,0,0,0,0,0,0,0,0,0,0,0,0,0,0,0,0,0,0,0,0,0,0,0,0,0,0,0,0,0,0,0,0,,Temperature Drop,Temperature Drop,19,,温度降下,,,,Temperaturabfall,,,,Chute de température ( Delta ),,19,,温降,,,,溫降,,,,온도저하,,,,Caída de Temperatura,Caída Temp.,,,Падение температуры,,,,Queda de temperatura,,,,Sıcaklık Düşüşü,,,,Spadek temperatury,,,,Caduda di temperatura,,,,Caída de temperatura,,,,Temperatuurval,,,,การลดลงของอุณหภูมิ,,,
STM,O,237,FlashRatio,0,,,,,,2500,,0,0,0,0,Rfs,%,%,0,0,0,0,0,0,0,0,0,0,0,0,0,0,0,0,0,0,0,0,0,0,0,0,0,0,0,0,0,0,0,0,0,0,0,5,0,0,0,0,0,0,0,0,0,0,0,0,0,0,0,0,0,0,0,0,0,0,0,0,0,0,0,0,0,0,0,0,0,,Flash Steam Ratio,Flash Steam Ratio,19,,フラッシュ率,,,,Entspannungsdampfrate,,,,% de vapeur de revaporisation,,19,,闪蒸汽百分比,,,,閃蒸汽百分比,,,,재증발율,,,,Relación de Vapor Flash,Rel. Vapor Flash,,,Процентное отношение пара вторичного вскипания,,,,Taxa de vapor flash,,,,Flaş Buhar Oranı,,,,Proporcja generowanej pary wtórnej,,,,Rapporto di flash steam,,,,Relación de vapor flash,,,,Flashstoomverhouding,,,,อัตราส่วนไอน้ำแฟลช,,,
STM,O,238,StallPoint,0,,,,,,2500,,0,0,0,0,S,%,%,0,0,0,0,0,0,0,0,0,0,0,0,0,0,7,7,0,0,0,0,0,0,0,0,0,0,0,0,0,0,0,0,0,0,0,0,0,0,0,0,0,0,0,0,0,0,0,0,0,0,0,0,0,0,0,0,0,0,0,0,0,0,0,0,0,0,0,0,0,,Stall Point,,19,,負荷率,,,,Rückstaupunkt,,,,Point de charge critique,,,,滞流点,,,,滯流點,,,,스톨 포인트,,,,Punto Stall,,,,Точка подтопления,,,,Ponto de stall,,,,Stal (Kondens Birikmeye Başlama) Noktası,,,,Punkt podciśnienia (Stall),,,,Punto di stallo,,,,Punto de bloqueo,,,,Stagnatiepunt,,,,จุดหยุด,,,
STM,O,239,StallPointOs,0,,,,,,2500,,0,0,0,0,,%,%,0,0,0,0,0,0,0,0,0,0,0,0,0,0,1,1,0,0,0,0,0,0,0,0,0,0,0,0,0,0,0,0,0,0,0,0,0,0,0,0,0,0,0,0,0,0,0,0,0,0,0,0,0,0,0,0,0,0,0,0,0,0,0,0,0,0,0,0,0,,Stall Point (with oversurfacing),,19,,負荷率（設計余裕度有り）,,,,Rückstaupunkt (mit Flächenreserve),,,,Point de charge critique (avec surfaçage surabondant),,,,滞流点（计算过载面积）,,,,滯流點（計算過載面積）,,,,스톨 포인트(with 설계여유분),,,,Punto Stall (con sobre-dimensionamiento),,,,Точка подтопления (с переразмеренностью поверхности теплообмена),,,,Ponto de stall (na superfície superior),,,,Stal (Kondens Birikmeye Başlama) Noktası  ,,,,Punkt podciśnienia (Stall)przy przewymiarowaniu,,,,Punto di stallo (con extrasuperficie),,,,Punto de bloqueo (con sobredimensionamiento),,,,Stagnatiepunt (met oppervlakvergroting),,,,จุดหยุด (เหนือพื้นผิว),,,
STM,O,240,PumpLoad,0,,,,,,1600,,0,0,2,0,,kg/h,lb/h,0,0,0,0,0,0,0,0,0,0,0,0,0,0,0,0,0,0,0,0,0,0,0,0,0,0,0,0,0,0,0,0,0,0,0,0,0,0,0,0,0,0,0,0,0,0,0,0,0,0,0,0,0,0,0,0,0,0,0,0,0,0,0,0,0,0,0,0,0,,Pump Load,,19,,必要ポンプ能力,,,,Pumpdurchsatz,,,,Débit de pompage,,,,泵负载,,,,泵負載,,,,필요펌프 능력,,,,Flujo para Bomba,,,,Расход насоса,,,,Vazão da bomba,,,,Pompa Yükü,,,,Obciążenie w trybie pompy,,,,Carico della pompa,,,,Flujo para bomba,,,,Pompbelasting,,,,ปริมาณการสูบ,,,
STM,O,241,SteamTrapLoad,0,,,,,,1600,,0,0,2,0,,kg/h,lb/h,0,0,0,0,0,0,0,0,0,0,0,0,0,0,0,0,0,0,0,0,0,0,0,0,0,0,0,0,0,0,0,0,0,0,0,0,0,0,0,0,0,0,0,0,0,0,0,0,0,0,0,0,0,0,0,0,0,0,0,0,0,0,0,0,0,0,0,0,0,,Steam Trap Load,,19,,必要トラップ能力,,,,Durchsatz Kondensatableiter,,,,Débit de purge,,,,蒸汽疏水阀负载,,,,蒸汽疏水閥負載,,,,필요트랩 능력,,,,Flujo para Trampa de Vapor,,,,Расход конденсатоотводчика,,,,Vazão do purgador de vapor,,,,Buhar Kapanı Yükü,,,,Obciążenie w trybie odwadniacza,,,,Carico dello scaricatore,,,,Flujo para trampa de vapor,,,,Condenspotbelasting,,,,ปริมาณเครื่องดักไอน้ำ,,,
STM,O,242,StallTemp,0,,,,,,0100,,0,0,1,0,,°C,°F,0,0,0,0,0,0,0,0,0,0,0,0,0,0,0,0,0,0,0,0,0,0,0,0,0,0,0,0,0,0,0,0,0,0,0,0,0,0,0,0,0,0,0,0,0,0,0,0,0,0,0,0,0,0,0,0,0,0,0,0,0,0,0,0,0,0,0,0,0,,Stall Inlet Temperature Point,,19,,ストール発生温度,,,,Durchschnittliche Rückstautemperatur,,,,Température moyenne du point de charge critique,,,,滞流平均温度,,,,滯流平均溫度,,,,스톨 입구 온도,,,,Temperatura Entrada del Punto Stall,,,,Температура точки подтопления,,,,Ponto de stall da temperatura de entrada,,,,Stal (Kondens Birikmeye Başlama)Giriş Sıcaklık Noktası,,,,Temperatura wejściowa punktu podciśnienia (Stall),,,,Punto di stallo della temperatura d'ingresso,,,,Temperatura de entrada del punto de bloqueo,,,,Stagnatie-inlaattemperatuurpunt,,,,จุดที่อุณหภูมิช่องเข้าหยุด,,,
STM,O,243,StartTime2,0,,,,,,2800,,1,1,1,1,tSU,min,min,0,0,0,0,0,0,0,0,0,1,0,0,0,0,0,0,0,0,0,0,0,0,0,0,0,0,0,0,0,0,0,0,0,0,0,0,0,0,0,0,0,0,0,0,0,0,0,0,0,0,0,0,0,0,0,0,0,0,0,0,0,0,0,0,0,0,0,0,0,,Heating Time,Heating Time,,,立上時間,,,,Anfahrzeit,,,,Temps de mise en route,,19,,启动时间,,,,啟動時間,,,,초기 스타트업 시간,,,,Tiempo de Arranque,,,,Время нагрева,,,,Tempo de aquecimento,,,,Isıtma Süresi,,,,Czas podgrzewania,,,,Tempo di riscalmento ,,,,Tiempo de arranque,,,,Verwarmingstijd,,,,เวลาทำความร้อน,,,
STM,O,244,CondHeatPipe,0,,,,,,0800,,0,0,1,0,mh,kg,lb,0,0,0,0,0,0,0,0,0,7,0,0,0,0,0,0,0,0,0,0,0,0,0,0,0,0,0,0,0,0,0,0,0,0,0,0,0,0,0,0,0,0,0,0,0,0,0,0,0,0,0,0,0,0,0,0,0,0,0,0,0,0,0,0,0,0,0,0,0,,Condensate load from heating piping,Condensate load from heating piping,,,配管の加熱によるドレン発生量,,,,Kondensatanfall bei Rohrerhitzung,,,,Charge de condensat du chauffage des tuyaux,,,,暖管产生的冷凝水量,,,,暖管產生的冷凝水量,,,,증기 배관의 가열에 따른 응축수 발생량,,,,Carga de Condensado de la Tubería de Calentamiento,,,,Расход конденсата на разогрев трубы,,,,Carga de condensado do aquecimento da tubulação,,,,Boru Hattının Isınmasından Oluşan Kondens Yükü,,,,Ilość kondensatu z podgrzewania rurociągu,,,,Carico della condensa dalla tubazione di riscaldamento,,,,Carga de condensado de la tubería de calefacción,,,,Condensaatbelasting van verwarmingsleidingen,,,,ปริมาณควบแน่นจากท่อความร้อน,,,
STM,O,245,CondRadiant,0,,,,,,0800,,0,0,1,0,mr,kg,lb,0,0,0,0,0,0,0,0,0,7,0,0,0,0,0,0,0,0,0,0,0,0,0,0,0,0,0,0,0,0,0,0,0,0,0,0,0,0,0,0,0,0,0,0,0,0,0,0,0,0,0,0,0,0,0,0,0,0,0,0,0,0,0,0,0,0,0,0,0,,Condensate load from radiation heat loss,Condensate load from radiation heat loss,,,配管からの放熱によるドレン発生量,,,,Kondensatanfall bei Wärmeverlust durch Abstrahlung,,,,Charge de condensat des pertes de chaleur radiante,,,,辐射散热产生的冷凝水量,,,,輻射散熱產生的冷凝水量,,,,방열손실에 따른 응축수의 발생량,,,,Carga de Condensado por Perdida de Calor por Radiación,,,,Расход конденсата за счет теплопотерь с поверхности трубы,,,,Carga de condensado da perda de calor por irradiação,,,,Radyan Isı Kaybından Oluşan Kondens Yükü,,,,Ilość kondensatu ze strat cieplnych ,,,,Carico di condensa della perdita di calore per radiazione,,,,Carga de condensado de la pérdida de calor por radiación,,,,Condensaatbelasting van stralingswarmteverlies,,,,ปริมาณควบแน่นจากการเสียความร้อนโดยการแผ่รังสี,,,
STM,O,246,CondTotal,0,,,,,,0800,,0,0,1,0,mc,kg,lb,0,0,0,0,0,0,0,0,0,7,0,0,0,0,0,0,0,0,0,0,0,0,0,0,0,0,0,0,0,0,0,0,0,0,0,0,0,0,0,0,0,0,0,0,0,0,0,0,0,0,0,0,0,0,0,0,0,0,0,0,0,0,0,0,0,0,0,0,0,,Total Condensate Load,Total Condensate Load,19,,ドレン発生量,,,,Gesamtkondensatanfall,,,,Débit de condensât,,19,,冷凝水负载,,,,冷凝水負載,,,,응축수발생량,,,,Carga de Condensado,Carga Cond.,,,Общий расход конденсата,,,,Carga total de condensado,,,,Toplam Kondens Yükü,,,,Łączna ilość kondensatu,,,,Carico totale di condensa,,,,Carga de condensado,,,,Totale condensaatbelasting,,,,ปริมาณควบแน่นทั้งหมด,,,
STM,N,,CoefficientOfFriction,0,,,,,,,,-1,-1,-1,-1,μ,,,4,4,4,4,0,0,0,0,0,0,0,0,0,0,0,0,0,0,0,0,0,0,0,0,4,4,4,0,0,0,0,0,4,4,0,0,4,4,4,0,0,0,0,0,0,4,4,4,4,0,0,0,0,0,0,0,0,0,0,0,0,0,0,0,0,0,0,0,0,,Coefficient of friction,,19,,摩擦係数,,,,Reibungskoeffizient,,,,Coefficient de friction,,,,摩擦系数,,,,摩擦係數,,,,마찰계수,,,,Coeficiente de Fricción,,,,Коэффициент трения,,,,Coeficiente do atrito,,,,Sürtünme Katsayısı,,,,Współczynnik tarcia,,,,Coefficiente di frizione,,,,Coeficiente de fricción,,,,Wrijvingscoëfficiënt,,,,ค่าสัมประสิทธิ์ของแรงเสียดทาน,,,
STM,N,,SpecificVolume,0,,,,,,,,-1,-1,-1,-1,V,m³/kg,ft³/lb,4,4,4,4,4,4,0,0,0,0,0,0,0,0,0,0,0,0,0,0,0,0,0,0,4,4,4,0,0,0,0,4,0,0,4,0,0,0,0,0,0,0,0,0,0,0,0,0,0,0,0,0,0,0,0,0,0,0,0,0,0,0,0,0,0,0,0,0,0,,Specific volume,,19,,比容積,,,,Spez. Luftvolumen,,,,Volume spécifique,,,,比容,,,,比容,,,,비체적,,,,Volumen Específico,,,,Удельный объем,,,,Volume específico,,,,Özgül Hacim,,,,Objętość właściwa,,,,Volume specifico,,,,Volumen específico,,,,Soortelijk volume,,,,ความจุจำเพาะ,,,
STM,N,,CDircurarConstant,0,,,,,,,,-1,-1,-1,-1,π,,,0,0,0,0,0,0,0,0,0,0,0,0,0,0,0,0,0,0,0,0,0,0,0,0,0,0,0,0,0,0,0,0,0,0,0,0,0,0,0,0,0,0,0,0,0,0,0,0,0,0,0,0,0,0,0,0,0,0,0,0,0,0,0,0,0,0,0,0,0,,3.1415…,,19,,円周率,,,,3.1415…,,,,3.1415…,,,,3.1415…,,,,3.1415…,,,,3.1415…,,,,3.1415…,,,,3.1415…,,,,3.1415...,,,,"3,1415…",,,,3.1415…,,,,3.1415…,,,,"3,1415…",,,,"3,1415…",,,,3.1415…,,,
STM,N,,DensityOfSteam,0,,,,,,,,-1,-1,-1,-1,ρ,kg/m³,lb/ft³,0,0,0,0,0,0,4,4,4,0,0,0,0,0,0,0,0,0,0,0,0,0,0,0,0,0,0,0,0,0,0,0,0,0,0,0,0,0,0,0,0,0,0,0,0,0,0,0,0,0,0,0,0,0,0,0,0,0,0,0,0,0,0,0,0,0,0,0,0,,Density of steam,Density of steam,,,蒸気密度,,,,Dichte des Dampfes,,,,Masse volumique de la vapeur,,,,蒸汽密度,,,,蒸汽密度,,,,증기의 밀도,,,,Densidad del vapor,,,,Плотность пара,,,,Densidade do vapor,,,,Buharın Yoğunluğu,,,,Gęstość pary wodnej,,,,Densità del vapore,,,,Densidad del vapor,,,,Stoomdichtheid,,,,ความหนาแน่นของไอน้ำ,,,
STM,N,,SpecificHeatRatioFactor,0,,,,,,,,-1,-1,-1,-1,Fγ,,,0,0,0,0,0,0,4,4,4,0,0,0,0,0,0,0,0,0,0,0,0,0,0,0,0,0,0,0,0,0,0,0,0,0,0,0,0,0,0,0,0,0,0,0,0,0,0,0,0,0,0,4,4,4,0,0,0,0,0,0,0,0,0,0,0,0,0,0,0,,Specific heat ratio factor (=Specific heat ratio/1.4),Specific heat ratio factor(=Specific heat ratio/1.4),,,比熱比係数(=比熱比/1.4),,,,Normierungsfaktor,,,,Facteur de rapport de chaleur spécifique,,,,比热比系数,,,,比熱比係數,,,,비열비계수,,,,Relación de Calores Específicos,,,,Коэффициент соотношения удельной теплоёмкости,,,,Fator de relação do calor específico,,,,Özgül Isı Oranı Faktörü,,,,Współczynnik proporcji ciepła właściwego,,,,Fattore di rapporto del calore specifico,,,,Relación de calores específicos,,,,Soortelijke warmteverhoudingsfactor,,,,ค่าปัจจัยอัตราส่วนความร้อนที่จำเพาะ,,,
STM,N,,PressureDifferentialRatioFactor,0,,,,,,,,-1,-1,-1,-1,xT,,,0,0,0,0,0,0,4,4,4,0,0,0,0,0,0,0,0,0,0,0,0,0,0,0,0,0,0,0,0,0,0,0,0,0,0,0,0,0,0,0,0,0,0,0,0,0,0,0,0,0,0,4,4,4,0,0,0,0,0,0,0,0,0,0,0,0,0,0,0,,Pressure differential ratio factor (=0.72),Pressure differential ratio factor(=0.72),,,差圧比係数(=0.72),,,,Differenzdruck-Verhältnis (=0.72),,,,Facteur de rapport de pression différentielle (=0.72),,,,压差比系数(=0.72),,,,壓差比係數(=0.72),,,,차압비계수(=0.72),,,,Relación de Presiones Diferenciales (=0.72),,,,"Коэффициент дифференциального давления(=0,72)",,,,Fator de relação da pressão diferencial (=0.72),,,,Basınç Farkı Oranı Faktörü(=0.72),,,,Współczynnik proporcji różnicy ciśnień(=0.72),,,,"Fattore di rappporto della pressione differenziale (=0,72)",,,,"Relación de presiones diferenciales (=0,72)",,,,"Differentiële drukverhoudingsfactor (=0,72)",,,,ค่าปัจจัยอัตราส่วนที่แตกต่างของความดัน (=0.72),,,
STM,N,,PressureRecoveryFactor,0,,,,,,,,-1,-1,-1,-1,FL,,,0,0,0,0,0,0,0,0,0,0,0,0,0,0,0,0,0,0,0,0,0,0,0,0,0,0,0,0,0,0,0,0,0,0,0,0,0,0,0,0,0,4,4,4,0,0,0,0,0,0,0,0,0,0,0,0,0,0,0,0,0,0,0,0,0,0,0,0,0,,Pressure recovery factor (=0.9),,,,Fl :圧力回復係数,,,,Faktor Druckrückgewinn (=0.9),,,,Facteur de récupération de pression (=0.9),,,,回收压力系数(=0.9),,,,回收壓力係數(=0.9),,,,압력회복계수 (=0.9),,,,Factor de recuperación de presión (=0.9),,,,"Коэффициент возврата конденсата (=0,9)",,,,Fator de recuperação de pressão (=0.9),,,,Basınç Geri Dönüşüm Faktörü(=0.9),,,,Współczynnik odzysku ciśnienia (=0.9),,,,"Fattore di recupero della pressione (=0,9)",,,,"Factor de recuperación de presión (=0,9)",,,,"Drukterugwinningsfactor (=0,9)",,,,ค่าปัจจัยการนำความดันกลับคืน (=0.9),,,
STM,N,,CriticalPressureRatioFactor,0,,,,,,,,-1,-1,-1,-1,FF,,,0,0,0,0,0,0,0,0,0,0,0,0,0,0,0,0,0,0,0,0,0,0,0,0,0,0,0,0,0,0,0,0,0,0,0,0,0,0,0,0,0,4,4,4,0,0,0,0,0,0,0,0,0,0,0,0,0,0,0,0,0,0,0,0,0,0,0,0,0,,Critical pressure ratio factor,,,,Ff :臨界圧力比係数,,,,Faktor kritisches Druckverhältnis,,,,Facteur de rapport de pression critique,,,,临界压力比系数,,,,臨界壓力比係數,,,,임계압력비계수,,,,Factor crítico de relación de presiones,,,,Коэффициент соотношения критического давления,,,,Fator de relação da pressão crítica,,,,Kritik Basınç Oranı Faktörü,,,,Współczynnik proporcji ciśnienia krytycznego,,,,Fattore di rapporto della pressione critica,,,,Factor crítico de relación de presiones,,,,Kritische drukverhoudingsfactor,,,,ค่าปัจจัยอัตราส่วนความดันวิกฤต,,,
STM,N,,AbsoluteVaporPressureOfWaterAtInletTemperature,0,,,,,,,,-1,-1,-1,-1,P,kPa abs,psia,0,0,0,0,0,0,0,0,0,0,0,0,0,0,0,0,0,0,0,0,0,0,0,0,0,0,0,0,0,0,0,0,0,0,0,0,0,0,0,0,0,4,4,4,0,0,0,0,0,0,0,0,0,0,0,0,0,0,0,0,0,0,0,0,0,0,0,0,0,,Absolute vapor pressure of the water at inlet temperature,,,,Pv :水温に対する飽和圧力,,,,Sattdampfdruck Wasser bei Eintrittstemperatur,,,,Pression de vapeur absolue de l'eau à la température d'entrée,,,,入口水温度绝对压力,,,,入口水溫度絕對壓力,,,,물의온도에 대한 포화압력,,,,Presión de vapor absoluta para el agua a la temperatura de entrada,,,,Абсолютное давление воды на входе,,,,A pressão absoluta do vapor d'água a uma temperatura admissível ,,,,Giriş Sıcaklığındaki Suyun Mutlak Buhar Basıncı,,,,Bezwzględne ciśnienie odparowania wody w temperaturze wejściowej,,,,Pressione di vapore assoluta dell'acqua alla temperatura d'ingresso,,,,Presión de vapor absoluta para el agua a la temperatura de entrada,,,,Absolute dampdruk van het water bij inlaattemperatuur,,,,ความดันไอสัมบูรณ์ของน้ำที่อุณหภูมิช่องเข้า,,,
STM,N,,SaturatedSteamTemperatureAtBackpressure,0,,,,,,,,-1,-1,-1,-1,Tb,°C,°F,0,0,0,0,0,0,0,0,0,0,0,0,0,0,4,4,0,0,0,0,0,0,0,0,0,0,0,0,0,0,0,0,0,0,0,0,0,0,0,0,0,0,0,0,0,0,0,0,0,0,0,0,0,0,0,0,0,0,0,0,0,0,0,0,0,0,0,0,0,,Saturated steam temperature at backpressure,,,,背圧の飽和温度,,,,Sattdampftemperatur bei Gegendruck,,,,Température de vapeur saturée,,,,背压下的饱和蒸汽温度,,,,背壓下的飽和蒸汽溫度,,,,배압의 압력에 해당하는 포화온도,,,,Temperatura de Saturación del Vapor en la Contrapresión,,,,Температура насыщения при противодавлении,,,,Temperatura do vapor saturado a pressão de retorno,,,,Karşı Basınçtaki Doymuş Buhar Sıcaklığı,,,,Temperatura nasycenia pary wodnej dla przeciwciśnienia,,,,Temperatura di vapore saturo alla contropressione,,,,Temperatura de saturación del vapor en la contrapresión,,,,Verzadigde stoomtemperatuur bij tegendruk,,,,อุณหภูมิไอน้ำอิ่มตัวที่ความดันต้านกลับ,,,
STM,N,,SpecificEnthalpyOfRawWtr,,,,,,,,,-1,-1,-1,-1,hrw,kJ/kg,BTU/lb,0,0,0,0,0,0,0,0,0,0,0,0,0,0,0,0,0,0,0,0,0,0,0,0,0,0,0,0,0,0,4,0,0,0,0,0,0,0,0,0,0,0,0,0,0,0,0,0,0,0,0,0,0,0,0,0,0,0,0,0,0,0,0,0,0,0,0,0,0,,Specific enthalpy of raw water,,,,原水の比エンタルピ,,,,Spezifische Enthalpie Frischwasser,,,,Enthaplie spécifique de l'eau brute,,,,原水的热焓值,,,,原水的熱焓值,,,,보급수의 비엔탈피,,,,Entalpia Especifica del Agua Cruda,,,,Удельная энтальпия сырой воды,,,,Entalpia específica de água bruta,,,,Ham Suyun Özgül Entalpisi,,,,Entalpia właściwa dla surowej wody,,,,Entalpia specifica dell'acqua grezza,,,,Entalpía específica del agua natural,,,,Soortelijke enthalpie van onbehandeld water,,,,เอนทัลปีจำเพาะของน้ำดิบ,,,
STM,N,,SpecificEnthalpyOfAllowWtr,,,,,,,,,-1,-1,-1,-1,hfwmax,kJ/kg,BTU/lb,0,0,0,0,0,0,0,0,0,0,0,0,0,0,0,0,0,0,0,0,0,0,0,0,0,0,0,4,0,0,0,0,0,0,0,0,0,0,0,0,0,0,0,0,0,0,0,0,0,0,0,0,0,0,0,0,0,0,0,0,0,0,0,0,0,0,0,0,0,,Specific enthalpy of Maximum Allowable Temperature Water,,,,給水許容上限温度の比エンタルピ,,,,Spezifische Enthalpie von　Speisewasser bei max. zul. Temperatur,,,,Enthaplie spécifique de l'eau d'appoint à température admise max.,,,,最高允许给水温度的热焓值,,,,最高允許給水溫度的熱焓值,,,,급수허용 상한온도의 비엔탈피,,,,Entalpia Especifica de la Temperatura Maxima Permisible del Agua de Alimentacion,,,,Удельная энтальпия воды при максимально допустимой температуре,,,,Entalpia específica da temperatura máxima permitida da água,,,,Maksimum Müsaade Edilebilir Sıcak Suyun Özgül Entalpisi,,,,Entalpia właściwa dla maksymalnej temperatury wody,,,,Entalpia specifica della Massima Temperatura dell'acqua consentita,,,,Entalpía específica de la temperatura máxima permisible del agua de alimentación,,,,Soortelijke enthalpie van maximaal toelaatbare watertemperatuur,,,,เอนทัลปีจำเพาะของอุณหภูมิน้ำที่ยอมได้สูงสุด,,,
STM,N,,SpecificEnthalpyOfCondensate,0,,,,,,,,-1,-1,-1,-1,hc,kJ/kg,BTU/lb,0,0,0,0,0,0,0,0,0,0,0,0,0,0,0,0,0,0,0,0,0,0,0,0,0,0,0,4,4,0,4,0,0,0,0,4,0,0,0,0,0,0,0,0,0,0,0,0,0,0,0,0,0,0,0,0,0,0,0,0,0,0,0,0,0,0,0,0,0,,Specific enthalpy of condensate,,,,ドレンの比エンタルピ,,,,Wärmeinhalt Kondensat,,,,Enthalpie spécifique du condensat,,,,冷凝水热焓,,,,冷凝水熱焓,,,,응축수의 비엔탈피,,,Entalpía especifica del condensado,Entalpía específica del condensado,,,,Удельная энтальпия конденсата,,,,Entalpia específica do condensado,,,,Kondensin Özgül Entalpisi,,,,Entalpia właściwa kondensatu,,,,Entalpia specifica della condensa,,,,Entalpía específica del condensado,,,,Soortelijke enthalpie van condensaat,,,,เอนทัลปีจำเพาะของการควบแน่น,,,
STM,N,,SpecificEnthalpyOfFlashWater,0,,,,,,,,-1,-1,-1,-1,hfc,kj/kg,BTU/lb,0,0,0,0,0,0,0,0,0,0,0,0,0,0,0,0,0,0,0,0,0,0,0,0,0,0,0,0,0,0,4,0,0,0,0,4,0,0,0,0,0,0,0,0,0,0,0,0,0,0,0,0,0,0,0,0,0,0,0,0,0,0,0,0,0,0,0,0,0,,Specific enthalpy of saturated water,,,,フラッシュ飽和水の比エンタルピ,,,,Wärmeinhalt von Wasser bei Sattdampftemperatur,,,,Enthalpie spécifique de l'eau saturée,,,,饱和水热焓,,,,飽和水熱焓,,,,포화수의 비엔탈피,,,Entalpía específica del agua saturada,Entalpía específica de agua saturada,,,,Удельная энтальпия воды в состоянии насыщения,,,,Entalpia específica de água saturada,,,,Doymuş Suyun Özgül Entalpisi,,,,Entalpia właściwa nasyconej wody,,,,Entalpia specifica dell'acqua satura,,,,Entalpía específica de agua saturada,,,,Soortelijke enthalpie van verzadigd water,,,,เอนทัลปีจำเพาะของน้ำอิ่มตัว,,,
STM,N,,LatentHeatOfFlashSteam,0,,,,,,,,-1,-1,-1,-1,hfg,kJ/kg,BTU/lb,0,0,0,0,0,0,0,0,0,0,0,0,0,0,0,0,0,0,0,0,0,0,0,0,0,0,0,0,0,0,4,0,0,0,0,4,0,0,0,0,0,0,0,0,0,0,0,0,0,0,0,0,0,0,0,0,0,0,0,0,0,0,0,0,0,0,0,0,0,,Latent heat of flash steam,,,,フラッシュ蒸気潜熱,,,,Verdampfungswärme Entspannungsdampf,,,,Chaleur latente de la vapeur de revaporisation,,,,闪蒸汽潜热,,,,閃蒸汽潛熱,,,,재증발증기 잠열,,,,Calor latente del vapor flash,,,,Скрытая теплота парообразования пара вторичного вскипания,,,,Calor latente do vapor flash,,,,Flaş Buharın Gizli Isısı,,,,Ciepło skraplania pary wtórnej,,,,Calore latente del flash steam,,,,Calor latente del vapor flash,,,,Latente warmte van flashstoom,,,,ความร้อนแฝงของไอน้ำแฟลช,,,
STM,N,,SpecificHeatOfPipe,0,,,,,,,,-1,-1,-1,-1,cp,kJ/kg K,BTU/lb F,0,0,0,0,0,0,0,0,0,4,0,0,0,0,0,0,0,0,0,0,0,0,0,0,0,0,0,0,0,0,0,0,0,0,0,0,0,0,0,0,0,0,0,0,0,0,0,0,0,0,0,0,0,0,0,0,0,0,0,0,0,0,0,0,0,0,0,0,0,,Specific heat of pipe,,,,配管の比熱,,,,Spez. Wärmekapazität Rohrmaterial,,,,Chaleur spécifique de la tuyauterie,,,,管道的比热,,,,管道的比熱,,,,배관의 비열,,,,Calor específico del material de la tubería,,,,Удельная теплоемкость трубы,,,,Calor latente da tubulação,,,,Borunun Özgül Isısı,,,,Ciepło właściwe rury,,,,Calore specifico della tubazione,,,,Calor específico del material de la tubería,,,,Soortelijk warmte van leiding,,,,ความร้อนของท่อจำเพาะ,,,
STM,N,,PipeWeight,0,,,,,,,,-1,-1,-1,-1,Wp,kg/m,lb/ft,0,0,0,0,0,0,0,0,0,4,0,0,0,0,0,0,0,0,0,0,0,0,0,0,0,0,0,0,0,0,0,0,0,0,0,0,0,0,0,0,0,0,0,0,0,0,0,0,0,0,0,0,0,0,0,0,0,0,0,0,0,0,0,0,0,0,0,0,0,,Pipe weight,,,,配管の重量,,,,Spez. Rohrgewicht,,,,Poids de la tuyauterie,,,,管道重量,,,,管道重量,,,,배관중량,,,,Peso de unidad de longitud de la tubería,,,,Вес трубы,,,,Peso da tubulação,,,,Boru Ağırlığı,,,,Waga rury,,,,Peso della tubazione,,,,Peso de unidad de longitud de la tubería,,,,Leidinggewicht,,,,น้ำหนักท่อ,,,
STM,N,,PressureOfMixture,0,,,,,,,,-1,-1,-1,-1,p,kPa abs,psia,0,0,0,0,0,0,0,0,0,0,0,0,0,0,0,0,0,0,0,0,0,4,4,0,0,0,0,0,0,0,0,0,0,0,0,0,0,0,0,0,0,0,0,0,0,0,0,0,0,0,0,0,0,0,0,0,0,0,0,0,0,0,0,0,0,0,0,0,0,,Pressure of mixture,,,,蒸気空気混合物全圧,,,,Partialdruck des Dampfes,,,,Pression du mélange,,,,混合压力,,,,混合壓力,,,,"증기,에어혼합물 전체압",,,,Presión de mezcla,,,,Давление смеси,,,,Pressão da mistura,,,,Karışım Basıncı,,,,Ciśnienie mieszaniny,,,,Pressione della miscela,,,,Presión de mezcla,,,,Mengseldruk,,,,ความดันของส่วนผสม,,,
STM,N,,DensityOfAir,0,,,,,,,,-1,-1,-1,-1,ρ,kg/m³,lb/ft³,0,0,0,0,0,0,0,0,0,0,0,0,0,0,0,0,0,0,0,0,0,0,0,0,0,0,0,0,0,0,0,0,0,0,0,0,0,0,0,0,0,0,0,0,0,4,4,4,0,0,0,0,0,0,0,0,0,0,0,0,0,0,0,0,0,0,0,0,0,,Density of air,,,,空気密度,,,,Dichte,,,,Masse volumique,,,,密度,,,,密度,,,,밀도,,,,Densidad,,,,Плотность воздуха,,,,Densidade do ar,,,,Havanın Yoğunluğu,,,,Gęstość powietrza,,,,Densità dell'aria,,,,Densidad,,,,Dichtheid van lucht,,,,ความหนาแน่นของอากาศ,,,
STM,N,,DensityOfGas,0,,,,,,,,-1,-1,-1,-1,ρ,kg/m³,lb/ft³,0,0,0,0,0,0,0,0,0,0,0,0,0,0,0,0,0,0,0,0,0,0,0,0,0,0,0,0,0,0,0,0,0,0,0,0,0,0,0,0,0,0,0,0,0,0,0,0,4,0,0,0,0,0,0,0,0,0,0,0,0,0,0,0,0,0,0,0,0,,Density of gas,,,,ガス密度,,,,Dichte,,,,Masse volumique,,,,密度,,,,密度,,,,밀도,,,,Densidad,,,,Плотность газа,,,,Densidade do gás,,,,Gazın Yoğunluğu,,,,Gęstość gazu,,,,Densità del gas,,,,Densidad,,,,Dichtheid van gas,,,,ความหนาแน่นของแก๊ส,,,
STM,N,,WtrGravity,0,,,,,,,,-1,-1,-1,-1,SG,,,0,0,0,0,0,0,0,0,0,0,0,0,0,0,0,0,0,0,0,0,0,0,0,0,0,0,0,0,0,0,0,0,0,0,0,0,4,4,4,0,0,4,4,4,0,0,0,0,0,0,0,0,0,0,0,0,0,0,0,0,0,0,0,0,0,0,0,0,0,,Specific Gravity,,,,水の比重,,,,Spez. Gewicht Wasser,,,,Densité de l'eau,,,,水比重,,,,水比重,,,,물의 비중,,,,Gravedad específica del agua,,,,Удельная плотность воды,,,,Gravididade da água,,,,Su Gravitesi,,,,Ciężar właściwy wody,,,,Gravità dell'acqua,,,,Gravedad específica del agua,,,,Watergravitatie,,,,แรงดึงดูดของน้ำ,,,
STM,N,,OuterDiameterOfPipe,0,,,,,,,,-1,-1,-1,-1,d1,m,in,0,0,0,0,0,0,0,0,0,4,4,0,0,0,0,0,0,0,0,0,0,0,0,4,0,0,0,0,0,0,0,0,0,0,0,0,0,0,0,0,0,0,0,0,4,0,0,0,0,0,0,0,0,0,0,0,0,0,0,0,0,0,0,0,0,0,0,0,0,,Outer diameter of pipe,,,,配管外径,,,,Rohraussendurchmesser,,,,Diamètre extérieur de la tuyauterie,,,,管道出口尺寸,,,,管道出口尺寸,,,,배관의 외경,,,,Diámetro externo de tubería,,,,Внешний диаметр трубы,,,,Diamêtro externo da tubulação,,,,Borunun Dış Çapı,,,,Zewnętrzna średnica rury,,,,Diametro esterno della tubazione,,,,Diámetro externo de tubería,,,,Buitendiameter van leiding,,,,เส้นผ่านศูนย์กลางรอบนอกท่อ,,,
STM,N,,LatentHeatOfSteam,0,,,,,,,,-1,-1,-1,-1,∆H,kJ/kg,BTU/lb,0,0,0,0,0,0,0,0,0,4,0,4,4,4,0,0,4,0,0,0,0,0,0,0,0,0,0,0,0,4,0,0,0,0,0,0,0,0,0,0,0,0,0,0,0,0,0,0,0,0,0,0,0,0,0,0,0,0,0,0,0,0,0,0,0,0,0,0,0,,Latent heat of steam,,,,蒸気潜熱,,,,Verdampfungswärme,,,,Chaleur latente de la vapeur,,,,蒸汽潜热,,,,蒸汽潛熱,,,,증기의 잠열,,,,Calor latente del vapor,,,,Скрытая теплота парообразования,,,,Calor latente do vapor,,,,Buharın Gizli Isısı,,,,Ciepło skraplania pary,,,,Calore latende del vapore,,,,Calor latente del vapor,,,,Latente warmte van stoom,,,,ความร้อนแฝงของไอน้ำ,,,
STM,N,,TemporarySpecificVolumeVariable,0,,,,,,,,-1,-1,-1,-1,Vtemp,m³/kg,ft³/lb,0,0,0,0,0,0,0,0,0,0,0,0,0,0,0,0,0,0,0,0,0,0,0,0,0,0,0,0,0,0,0,0,4,4,0,0,0,0,0,0,0,0,0,0,0,0,0,0,0,0,0,0,0,0,0,0,0,0,0,0,0,0,0,0,0,0,0,0,0,,Temporary specific volume variable,,,,相当比容積,,,,Spez. Volumen der Mischung,,,,Volume spécifique du mélange,,,,瞬时比容,,,,瞬時比容,,,,상당비체적,,,,Variable temporal de volumen,,,,Переменная временного удельного объёма,,,,Volume específico temporário variável,,,,Geçici Özgül Hacim Değişkeni,,,,Tymczasowa zmienna objętości właściwej,,,,Volume specifico temporaneo variabile,,,,Variable temporal de volumen,,,,Variabele van tijdelijk soortelijk volume,,,,ตัวแปรความจุจำเพาะชั่วคราว,,,
STM,N,,SpecificHeatOfAir,0,,,,,,,,-1,-1,-1,-1,ca,kJ/kg K,BTU/lb F,0,0,0,0,0,0,0,0,0,0,0,0,0,4,0,0,0,0,0,0,0,0,0,0,0,0,0,0,0,0,0,0,0,0,0,0,0,0,0,0,0,0,0,0,0,0,0,0,0,0,0,0,0,0,0,0,0,0,0,0,0,0,0,0,0,0,0,0,0,,Specific heat of air,,,,空気の比熱,,,,Spez. Wärmekapazität Luft,,,,Chaleur spécifique de l'air,,,,空气比热容,,,,空氣比熱容,,,,에어의 비열,,,,Calor específico del aire,,,,Удельная теплоемкость воздуха,,,,Calor específico do ar,,,,Havanın Özgül Isısı,,,,Ciepło właściwe powietrza,,,,Calore specifico dell'aria,,,,Calor específico del aire,,,,Soortelijke warmte van lucht,,,,ความร้อนจำเพาะของอากาศ,,,
STM,N,,SpecificWeightOfAir,0,,,,,,,,-1,-1,-1,-1,γa,kg/m³,lb/ft³,0,0,0,0,0,0,0,0,0,0,0,0,0,4,0,0,0,0,0,0,0,0,0,0,0,0,0,0,0,0,0,0,0,0,0,0,0,0,0,0,0,0,0,0,0,0,0,0,0,0,0,0,0,0,0,0,0,0,0,0,0,0,0,0,0,0,0,0,0,,Specific weight of air,,,,空気の比重量,,,,Spez. Gewicht Luft,,,,Poids spécifique de l'air,,,,空气的比重,,,,空氣的比重,,,,에어의 비중량,,,,Peso específico del aire,,,,Удельный вес воздуха,,,,Peso específico do ar,,,,Havanın Özgül Ağırlığı,,,,Ciężar właściwy powietrza,,,,Peso specifico dell'aria,,,,Peso específico del aire,,,,Soortelijk gewicht van lucht,,,,น้ำหนักจำเพาะของอากาศ,,,
STM,N,,CondensateTemperature,0,,,,,,,,-1,-1,-1,-1,Tc,°C,°F,0,0,0,0,0,0,0,0,0,0,0,0,0,0,0,0,0,0,0,0,0,0,0,0,0,0,0,0,0,0,0,0,0,0,0,0,0,0,0,0,0,0,0,0,0,0,0,0,0,0,0,0,0,0,0,0,0,0,0,0,0,0,0,0,0,0,0,0,0,,Condensate temperature,,,,ドレン温度,,,,Kondensattemperatur,,,,Température de condensât,,,,冷凝水温度,,,,冷凝水溫度,,,,응축수온도,,,,Temperatura del condensado,,,,Температура конденсата,,,,Temperatura do condensado,,,,Kondens Sıcaklığı,,,,Temperatura kondensatu,,,,Temperatura di condensazione,,,,Temperatura del condensado,,,,Condensaattemperatuur,,,,อุณหภูมิควบแน่น,,,
STM,N,,SpecificEnthalpyOfSteamAtBoilerPressure,0,,,,,,,,-1,-1,-1,-1,hs,kJ/kg,BTU/lb,0,0,0,0,0,0,0,0,0,0,0,0,0,0,0,0,0,0,4,0,0,0,0,0,0,0,0,4,4,4,0,0,0,0,0,0,0,0,0,0,0,0,0,0,0,0,0,0,0,0,0,0,0,0,0,0,0,0,0,0,0,0,0,0,0,0,0,0,0,,Specific enthalpy of steam at boiler pressure,,,,蒸気全熱,,,,Spez. Dampfenthalpie bei Kesseldruck,,,,Enthalpie spécifique de la vapeur à la pression de la chaudière,,,,锅炉所产蒸汽热晗,,,,鍋爐所產蒸汽熱晗,,,,증기전열,,,,Entalpía específica del vapor a la presión de caldera,,,,Энтальпия пара при давлении в котле,,,,Entalpia específica do vapor na pressão da caldeira,,,,Kazan Basıncındaki Buharının Özgül Entalpisi,,,,Entalpia właściwa pary dla ciśnienia kotła,,,,Entalpia specifica del vapore alla pressione della caldaia,,,,Entalpía específica del vapor a la presión de caldera,,,,Soortelijke enthalpie van stoom bij boilerdruk,,,,เอนทัลปีจำเพาะของไอน้ำที่ความดันหม้อต้ม,,,
STM,N,,SpecificEnthalpyOfSaturatedWater,0,,,,,,,,-1,-1,-1,-1,hw,kJ/kg,BTU/lb,0,0,0,0,0,0,0,0,0,0,0,0,0,0,0,0,4,0,0,0,0,0,0,0,0,0,0,0,0,0,0,0,0,0,0,0,0,0,0,0,0,0,0,0,0,0,0,0,0,0,0,0,0,0,0,0,0,0,0,0,0,0,0,0,0,0,0,0,0,,Specific enthalpy of saturated water,,,,飽和水の比エンタルピ,,,,Spez. Enthalpie gesättigtes Wasser,,,,Enthalpie spécifique de l'eau,,,,饱和水热焓,,,,飽和水熱焓,,,,포화수의 비엔탈피,,,,Entalpía específica de agua saturada,,,,Энтальпия воды в состоянии насыщения,,,,Entalpia específica da água saturada,,,,Doymuş Suyun Özgül Entalpisi,,,,Entalpia właściwa nasyconej wody,,,,Entalpia specifica dell'acqua satura,,,,Entalpía específica de agua saturada,,,,Soortelijke enthalpie van verzadigd water,,,,เอนทัลปีจำเพาะของน้ำอิ่มตัว,,,
STM,N,,SpecificEnthalpyOfFeedWater,0,,,,,,,,-1,-1,-1,-1,hfw,kJ/kg,BTU/lb,0,0,0,0,0,0,0,0,0,0,0,0,0,0,0,0,4,0,4,0,0,0,0,0,0,0,0,4,4,4,4,0,0,0,0,0,0,0,0,0,0,0,0,0,0,0,0,0,0,0,0,0,0,0,0,0,0,0,0,0,0,0,0,0,0,0,0,0,0,,Specific enthalpy of feed water,,,,給水の比エンタルピ,,,,Spez. Enthalpie Frischwasser,,,,Enthalpie spécifique de l'eau d'appoint,,,,给水热焓,,,,給水熱焓,,,,급수의 비엔탈피,,,,Entalpía específica del agua de alimentación,,,,Энтальпия питательной воды,,,,Entalpia especifica da água de alimentação,,,,Besi Suyunun Özgül Entalpisi,,,,Entalpia właściwa wody zasilającej,,,,Entalpia specifica dell'acqua di alimento,,,,Entalpía específica del agua de alimentación,,,,Soortelijke enthalpie van toevoerwater,,,,เอนทัลปีจำเพาะของน้ำที่ป้อนเข้า,,,
STM,N,,LatentHeatOfPrimeSteam,0,,,,,,,,-1,-1,-1,-1,∆H1,kJ/kg,BTU/lb,0,0,0,0,0,0,0,0,0,0,0,0,0,0,0,0,0,0,0,4,4,0,0,0,0,0,0,0,0,0,0,0,0,0,0,0,0,0,0,0,0,0,0,0,0,0,0,0,0,0,0,0,0,0,0,0,0,0,0,0,0,0,0,0,0,0,0,0,0,,Latent heat of prime steam,,,,一次側蒸気の潜熱,,,,Verdampfungswärme vor Reduzierung,,,,Chaleur latente de la vapeur primaire,,,,一次蒸汽潜热,,,,一次蒸汽潛熱,,,,일차측 증기의 잠열,,,,Calor latente del vapor primario,,,,Скрытая теплота парообразования пара на входе,,,,Calor latente do vapor privilegiado,,,,Birincil Buharın Gizli Isısı,,,,Ciepło skraplania pary dolotowej,,,,Calore latente del vapore primario,,,,Calor latente del vapor primario,,,,Latente warmte van eerste stoom,,,,ความร้อนแฝงของไอน้ำขั้นแรก,,,
STM,N,,LatentHeatOfSecondSteam,0,,,,,,,,-1,-1,-1,-1,∆H2,kJ/kg,BTU/lb,0,0,0,0,0,0,0,0,0,0,0,0,0,0,0,0,0,0,0,4,4,0,0,0,0,0,0,0,0,0,0,0,0,0,0,0,0,0,0,0,0,0,0,0,0,0,0,0,0,0,0,0,0,0,0,0,0,0,0,0,0,0,0,0,0,0,0,0,0,,LatentHeat of second steam,,,,二次側蒸気の潜熱,,,,Verdampfungswärme nach Reduzierung,,,,Chaleur latente de la vapeur secondaire,,,,二次蒸汽潜热,,,,二次蒸汽潛熱,,,,이차측 증기의 잠열,,,,Calor latente del vapor secundario,,,,Скрытая теплота парообразования пара на выходе,,,,Calor latente do vapor secundário,,,,İkincil Buharın Gizli Isısı,,,,Ciepło skraplania pary dolotowej nasyconej,,,,Calore latente del vapore secondario,,,,Calor latente del vapor secundario,,,,Latente warmte van tweede stoom,,,,ความร้อนแฝงของไอน้ำขั้นที่สอง,,,
STM,N,,SpecificEnthalpyOfPrimarySteam,0,,,,,,,,-1,-1,-1,-1,h1,kJ/kg,BTU/lb,0,0,0,0,0,0,0,0,0,0,0,0,0,0,0,0,0,0,0,4,4,0,0,0,0,0,0,0,0,0,0,0,0,0,0,0,0,0,0,0,0,0,0,0,0,0,0,0,0,0,0,0,0,0,0,0,0,0,0,0,0,0,0,0,0,0,0,0,0,,Specific enthalpy of primary steam,,,,一次側蒸気の比エンタルピ,,,,Spez. Dampfenthalpie vor Reduzierung,,,,Enthalpie spécifique de la vapeur primaire,,,,一次蒸汽热焓,,,,一次蒸汽熱焓,,,,일차측 증기의 비엔탈피,,,,Entalpía específica del vapor primario,,,,Энтальпия пара на входе,,,,Entalpia específica do vapor primário,,,,Birincil Buharın Özgül Entalpisi,,,,Entalpia właściwa pary dolotowej,,,,Entalpia specifica del vapore primario,,,,Entalpía específica del vapor primario,,,,Soortelijke enthalpie van primaire stoom,,,,เอนทัลปีจำเพาะของไอน้ำขั้นแรก,,,
STM,N,,SpecificEnthalpyOfPrimarySaturatedSteam,0,,,,,,,,-1,-1,-1,-1,"h""1",kJ/kg,BTU/lb,0,0,0,0,0,0,0,0,0,0,0,0,0,0,0,0,0,0,0,4,4,0,0,0,0,0,0,0,0,0,0,0,0,0,0,0,0,0,0,0,0,0,0,0,0,0,0,0,0,0,0,0,0,0,0,0,0,0,0,0,0,0,0,0,0,0,0,0,0,,Specific enthalpy of primary saturated steam,,,,一次側圧力における飽和蒸気の比エンタルピ,,,,Spez. Enthalpie Sattdampf bei Vordruck,,,,Enthalpie spécifique de la vapeur primaire saturée,,,,一次饱和蒸汽热焓,,,,一次飽和蒸汽熱焓,,,,일차측 압력에 해당하는 포화증기의 비엔탈피,,,,Entalpía especific del vapor primario saturado,,,,Энтальпия насыщенного пара на выходе,,,,Entalpia específica do vapor saturado primário,,,,Birincil Doymuş Buharın Özgül Entalpisi,,,,Entalpia właściwa pary dolotowej nasyconej,,,,Entalpia specifica del vapore primario saturo,,,,Entalpía específica del vapor primario saturado,,,,Soortelijke enthalpie van primaire verzadigde stoom,,,,เอนทัลปีจำเพาะของไอน้ำอิ่มตัวขั้นแรก,,,
STM,N,,SpecificEnthalpyOfSecondarySteam,0,,,,,,,,-1,-1,-1,-1,"h""2",kJ/kg,BTU/lb,0,0,0,0,0,0,0,0,0,0,0,0,0,0,0,0,0,0,0,4,4,0,0,0,0,0,0,0,0,0,0,0,0,0,0,0,0,0,0,0,0,0,0,0,0,0,0,0,0,0,0,0,0,0,0,0,0,0,0,0,0,0,0,0,0,0,0,0,0,,Specific enthalpy of secondary steam,,,,二次側圧力における飽和蒸気の比エンタルピ,,,,Spez. Dampfenthalpie nach Reduzierung,,,,Enthalpie spécifique de la vapeur secondaire,,,,二次蒸汽热焓,,,,二次蒸汽熱焓,,,,이차측 압력에 해당하는 포화증기의 비엔탈피,,,,Entalpía específica del vapor secundario,,,,Энтальпия пара на выходе,,,,Entalpia específica do vapor secundário,,,,İkincil Buharın Özgül Entalpisi,,,,Entalpia właściwa pary wylotowej,,,,Entalpia specifica del vapore secondario,,,,Entalpía específica del vapor secundario,,,,Soortelijke enthalpie van secundaire stoom,,,,เอนทัลปีจำเพาะของไอน้ำขั้นที่สอง,,,
STM,N,,SpecificHeatOfSecondarySteam,0,,,,,,,,-1,-1,-1,-1,c2,kJ/kg K,BTU/lb F,0,0,0,0,0,0,0,0,0,0,0,0,0,0,0,0,0,0,0,4,4,0,0,0,0,0,0,0,0,0,0,0,0,0,0,0,0,0,0,0,0,0,0,0,0,0,0,0,0,0,0,0,0,0,0,0,0,0,0,0,0,0,0,0,0,0,0,0,0,,Specific heat of secondary steam,,,,二次側蒸気の比熱,,,,Spez. Wärme Dampf nach Reduzierung,,,,Chaleur spécifique de la vapeur secondaire,,,,二次蒸汽比热,,,,二次蒸汽比熱,,,,이차측 증기의 비열,,,,Calor específico del vapor secundario,,,,Удельная теплоемкость пара на выходе,,,,Calor específico do vapor secundário,,,,İkincil Buharın Özgül Isısı,,,,Ciepło właściwe pary wylotowej,,,,Calore specifico del vapore secondario,,,,Calor específico del vapor secundario,,,,Soortelijke warmte van secundaire stoom,,,,ความร้อนจำเพาะของไอน้ำขั้นที่สอง,,,
STM,N,,DrynessOfPrimarySteamAfterSeparation,0,,,,,,,,-1,-1,-1,-1,X1,%,%,0,0,0,0,0,0,0,0,0,0,0,0,0,0,0,0,0,0,0,0,4,0,0,0,0,0,0,0,0,0,0,0,0,0,0,0,0,0,0,0,0,0,0,0,0,0,0,0,0,0,0,0,0,0,0,0,0,0,0,0,0,0,0,0,0,0,0,0,0,,Dryness of primary steam after separation,,,,ドレン分離後の蒸気乾き度,,,,Trockenheitsgrad vor Reduzierung,,,,Titre de la vapeur primaire,,,,一次压力干燥度,,,,一次壓力干燥度,,,,일차측 증기의 건도,,,,Sequedad de vapor primario,,,,Сухость пара после сепарации,,,,Título do vapor primário após a separação,,,,Ayrıştırmadan Sonra Birincil Buharının Kuruluğu,,,,Stopień suchości pary po separacji,,,,Secchezza del vapore dopo separazione,,,,Sequedad de vapor primario,,,,Droogte van primaire stoom na afscheiding,,,,การแห้งของไอน้ำขั้นแรกหลังการแยกตัว,,,
STM,N,,SaturatedTemperatureAt,0,,,,,,,,-1,-1,-1,-1,T,°C,°F,0,0,0,0,0,0,0,0,0,0,0,0,0,0,0,0,0,0,0,0,0,4,0,0,0,0,0,0,0,0,0,0,0,0,0,0,0,0,0,0,0,0,0,0,0,0,0,0,0,0,0,0,0,0,0,0,0,0,0,0,0,0,0,0,0,0,0,0,0,,"Saturated temperature at ""Pp""",,,,Ppに対する飽和温度,,,,"Sättingungstemperatur bei ""p""",,,,Température saturée pour p,,,,在“p”时的饱和温度,,,,在“p”時的飽和溫度,,,,P 에 해당하는 포화온도,,,,"Temperatura saturada en ""p""",,,,Температура насыщения в точке Pp,,,,"Temperatura saturada a ""Pp""",,,,"""Pp"" deki Doymuş Sıcaklık",,,,"Temperatura nasycenia dla ""Pb""",,,,"Temperatura di saturazione al ""Pp""",,,,"Temperatura saturada en ""p""",,,,"Verzadigde temperatuur bij ""Pp""",,,,"อุณหภูมิอิ่มตัวที่ ""Pp""",,,
STM,N,,SaturatedTemperatureAt,0,,,,,,,,-1,-1,-1,-1,Ts,°C,°F,0,0,0,0,0,0,0,0,0,0,0,0,0,0,0,0,0,0,0,0,0,4,0,0,0,0,0,0,0,0,0,0,0,0,0,0,0,0,0,0,0,0,0,0,0,0,0,0,0,0,0,0,0,0,0,0,0,0,0,0,0,0,0,0,0,0,0,0,0,,":Saturated temperature at ""Ps""",,,,Pｓに対する飽和温度,,,,"Sättigungstemperatur bei ""ps""",,,,Température saturée pour ps,,,,在“ps”时的饱和温度,,,,在“ps”時的飽和溫度,,,,ps 에 해당하는 포화온도,,,,"Temperatura saturada en ""ps""",,,,Температура насыщения в точке Ps,,,,"Temperatura saturada a ""Ps""",,,,"""Ps"" deki Doymuş Sıcaklık ",,,,":Temperatura nasycenia dla ""Ps""",,,,"Temperatura di saturazione al ""Ps""",,,,"Temperatura saturada en ""ps""",,,,":Verzadigde temperatuur bij ""Ps""",,,,":อุณหภูมิอิ่มตัวที่ ""Ps""",,,
STM,N,,RateOfPayback,0,,,,,,,,-1,-1,-1,-1,N,,,0,0,0,0,0,0,0,0,0,0,0,0,0,0,0,0,0,0,0,0,0,0,0,4,0,0,0,0,0,0,0,0,0,0,0,0,0,0,0,0,0,0,0,0,0,0,0,0,0,0,0,0,0,0,0,0,0,0,0,0,0,0,0,0,0,0,0,0,0,,Rate of payback,,,,償却率,,,,Rückzahlungsrate,,,,Taux de retour sur investissement,,,,回报率,,,,回報率,,,,투자효과  ,,,,Rango de retorno de inversión,,,,Коэффициент срока окупаемости,,,,Taxa de retorno,,,,Geri Ödeme Oranı,,,,Stopa zwrotu,,,,Grado di rimborso,,,,Tasa de retorno de inversión,,,,Terugverdientijd,,,,อัตราการคืนทุน,,,
STM,N,,Annual average insulating costs,,,,,,,,,-1,-1,-1,-1,Ci1,$/m,$/ft,0,0,0,0,0,0,0,0,0,0,0,0,0,0,0,0,0,0,0,0,0,0,0,4,0,0,0,0,0,0,0,0,0,0,0,0,0,0,0,0,0,0,0,0,0,0,0,0,0,0,0,0,0,0,0,0,0,0,0,0,0,0,0,0,0,0,0,0,0,,Annual average insulating costs,,,,保温による年間総費用,,,,Durchschnittliche jährliche Isolierkosten,,,,Coûts moyens annuels de l'isolation,,,,年保温平均成本,,,,年保溫平均成本,,,,보온에 사용되는 년간비용,,,,Costo anual promedio por aislamiento,,,,Среднегодовые затраты на теплоизоляцию,,,,Custos de isolamento médios anuais,,,,Yıllık Ortalama Yalıtım Maliyetleri,,,,Średnie roczne koszty izolacji,,,,Costo annuale medio dell'isolamento,,,,Coste anual medio por aislamiento,,,,Jaarlijkse gemiddelde isolatiekosten,,,,ค่าฉนวนเฉลี่ยประจำปี,,,
STM,N,,AbsoluteHumidityOfSaturatedHumidAirAtAmbientTem,,,,,,,,,0,0,1,0,dv1,g/kg,lb/lb,0,0,0,0,0,0,0,0,0,0,0,0,0,0,0,0,0,0,0,0,0,0,0,0,0,0,0,0,0,0,0,0,0,0,0,0,0,0,0,0,0,0,0,0,0,0,0,0,0,0,0,0,0,0,4,0,0,0,0,0,0,0,0,0,0,0,0,0,0,,Absolute humidity of saturated humid air at ambient temperature,,,,外気温度における絶対湿度,,,,Absolute Feuchte gesättigter Luft bei Umgebungstemperatur,,,,Humidité absolue de l'air saturé à temp. ambiante ,,,,环境温度下饱和湿空气绝对湿度,,,,環境溫度下飽和濕空氣絕對濕度,,,,외기온도에 대한 절대습도,,,,Humedad absoluta del aire húmedo saturado a temperatura ambiente,,,,Абсолютная влажность воздуха при наружной температуре,,,,Umidade absoluta do ar úmido saturado à temperatura ambiente,,,,Ortam Sıcaklığında Doymuş Nemli Havanın Mutlak Nemi,,,,Wilgotność bezwzględna nasyconego powietrza wilgotnego w temp. zewn.,,,,Umdidità assoluta dell'aria umida satura a temperatura ambiente,,,,Humedad absoluta del aire húmedo saturado a temperatura ambiente,,,,Absolute vochtigheid van verzadigde vochtige lucht bij omgevingstemperatuur,,,,ความชื้นสัมบูรณ์ของอากาศชื้นอิ่มตัวที่อุณหภูมิโดยรอบ,,,
STM,N,,AbsoluteHumidityOfSaturatedHumidAirAtCoolingTemp,,,,,,,,,0,0,1,0,dv2,g/kg,lb/lb,0,0,0,0,0,0,0,0,0,0,0,0,0,0,0,0,0,0,0,0,0,0,0,0,0,0,0,0,0,0,0,0,0,0,0,0,0,0,0,0,0,0,0,0,0,0,0,0,0,0,0,0,0,0,4,0,0,0,0,0,0,0,0,0,0,0,0,0,0,,Absolute humidity of saturated humid air at cooling temp,,,,冷却温度における絶対湿度,,,,Absolute Feuchte gesättigter Luft bei Kühltemperatur,,,,Humidité absolue de l'air saturé à temp. de refroidissement,,,,冷却温度下饱和湿空气绝对湿度,,,,冷卻溫度下飽和濕空氣絕對濕度,,,,냉각온도에 대한 절대습도,,,,Humedad absoluta del aire húmedo saturado a tempera de enfriamiento,,,,Абсолютная влажность воздуха при температуре охлаждения,,,,Umidade absoluta do ar úmido à temperatura de resfriamento,,,,Soğutma Sıcaklığında Doymuş Nemli Havanın Mutlak Nemi,,,,Wilgotność bezwzględna nasyconego powietrza wilgotnego w temp. chłodzenia.,,,,Umdidità assoluta dell'aria umida satura alla temperatura di raffreddamento,,,,Humedad absoluta del aire húmedo saturado a temperatura de enfriamiento,,,,Absolute vochtigheid van verzadigde vochtige lucht bij koeltemperatuur,,,,ความชื้นสัมบูรณ์ของอากาศชื้นอิ่มตัวที่อุณหภูมิเย็น,,,
STM,N,,PartialPressOfVaporInSaturatedHumidAirAtAmbientTemp,,,,,,,,,7,9,8,10,p1,mmHg,inHg,0,0,0,0,0,0,0,0,0,0,0,0,0,0,0,0,0,0,0,0,0,0,0,0,0,0,0,0,0,0,0,0,0,0,0,0,0,0,0,0,0,0,0,0,0,0,0,0,0,0,0,0,0,0,4,0,0,0,0,0,0,0,0,0,0,0,0,0,0,,Partial pressure of vapor in saturated humid air at ambient temperature,,,,外気温度における水蒸気分圧,,,,Partialdruck von Dampf in gesättigter Luft bei Umgebungstemperatur,,,,Pression partielle de la vapeur dans l'air humide saturé à temp. ambiante ,,,,环境温度下饱和湿空气蒸发分压力,,,,環境溫度下飽和濕空氣蒸發分壓力,,,,외기온도에 대한 수증기분압,,,,Presión parcial del vapor en aire húmedo saturado a temperatura ambiente. ,,,,Парциальное давление паров воздуха при наружной температуре,,,,Pressão parcial de vapor no ar úmido saturado à temperatura ambiente,,,,Ortam Sıcaklığında Doymuş Nemli Havada Buharın Kısmi Basıncı,,,,Ciśnienie cząstkowe pary w powietrzu wilgotnym nasyconym w temp. zewn.,,,,Pressione parziale di vapore in aria umida satura a temperatura ambiente,,,,Presión parcial del vapor en aire húmedo saturado a temperatura ambiente. ,,,,Gedeeltelijke druk van damp in verzadigde vochtige lucht bij omgevingstemperatuur,,,,ความดันบางส่วนของไอในอากาศชื้นอิ่มตัวที่อุณหภูมิโดยรอบ,,,
STM,N,,PartialPressOfVaporInSaturatedHumidAirAtCoolingTemp,,,,,,,,,7,9,8,10,p2,mmHg,inHg,0,0,0,0,0,0,0,0,0,0,0,0,0,0,0,0,0,0,0,0,0,0,0,0,0,0,0,0,0,0,0,0,0,0,0,0,0,0,0,0,0,0,0,0,0,0,0,0,0,0,0,0,0,0,4,0,0,0,0,0,0,0,0,0,0,0,0,0,0,,Partial pressure of vapor in saturated humid air at Cooling temperature,,,,冷却温度における水蒸気分圧,,,,Partialdruck von Dampf in gesättigter Luft bei Kühltemperatur,,,,Pression partielle de la vapeur dans l'air humide saturé à temp. de refroidissement ,,,,冷却温度下饱和湿空气蒸发分压力,,,,冷卻溫度下飽和濕空氣蒸發分壓力,,,,냉각온도에 대한 수증기분압,,,,Presión parcial del vapor en aire húmedo saturado a temperatura de enfriamiento,,,,Парциальное давление паров воздуха при температуре охлаждения,,,,Pressão parcial de vapor no ar úmido à temperatura de resfriamento,,,,Soğutma Sıcaklığında Doymuş Nemli Havada Buharın Kısmi Basıncı,,,,Ciśnienie cząstkowe pary w powietrzu wilgotnym nasyconym w temp. chłodzenia,,,,Pressione parziale di vapore in aria umida satura alla temperatura di raffreddamento,,,,Presión parcial del vapor en aire húmedo saturado a temperatura de enfriamiento,,,,Gedeeltelijke druk van damp in verzadigde vochtige lucht bij koeltemperatuur,,,,ความดันบางส่วนของไอในอากาศชื้นอิ่มตัวที่อุณหภูมิเย็น,,,
STM,N,,Comment1,,,,,,,,,,,,,,,,0,0,0,0,0,0,0,0,0,0,0,0,0,4,0,0,0,0,0,0,0,0,0,0,0,0,0,0,0,0,0,0,0,0,0,0,0,0,0,0,0,0,0,0,0,0,0,0,0,0,0,0,0,0,0,0,0,0,0,0,0,0,0,0,0,0,0,0,0,,Air pressure is atmospheric.,,,,空気の圧力は、大気圧です。,,,,Luftdruck ist atmosphärisch.,,,,Pression de l'air atmosphérique,,,,空气压力为大气压,,,,空氣壓力為大氣壓,,,,에어는 대기압기준,,,,La presión del aire es atmosférica,,,,Атмосферное давление воздуха,,,,Pressão do ar é atmosférica,,,,Hava Basıncı Atmosferiktir.,,,,Ciśnienie powietrza jest atmosferyczne,,,,La pressione dell'aria è atmosferica,,,,La presión del aire es atmosférica,,,,Luchtdruk is atmosferisch.,,,,ความกดอากาศเป็นบรรยากาศ,,,
STM,N,,Comment2,,,,,,,,,,,,,,,,0,0,0,0,0,0,0,0,0,0,0,0,0,0,0,0,0,0,0,0,0,0,0,0,0,0,0,0,4,0,0,0,0,0,0,0,0,0,0,0,0,0,0,0,0,0,0,0,0,0,0,0,0,0,0,0,0,0,0,0,0,0,0,0,0,0,0,0,0,,This pipe size was calculated using TLV's recommended standards. Other local or internationally accepted standards may result in the selection of different pipe sizes.,,,,ＴＬＶの基準で配管径を選定しています。,,,,Die Leitungsnennweite wurde unter Zugrundelegung des von TLV empfohlenen Standards berechnet. Verwendung anderer nationaler oder internationaler Standards führen eventuell zur Auswahl unterschiedlicher Leitungsnennweiten.,,,,Ce dimensionnement de tuyauterie a été calculé selon les normes recommandées par TLV. L'utilisation d'autres normes locales or internationales pourrait entraîner la sélection d'un autre dimensionnement de tuyauterie.,,,,管道内径的计算是根据TLV所推荐的标准。 利用其他国内或国际标准可能会计算出不同的管道内径。,,,,管道內徑的計算是根據TLV所推薦的標準。利用其他國內或國際標準可能會計算出不同的管道內徑。,,,,이 파이프의 사이즈는 TLV의 기준으로 계산되었습니다. 다른 기준을 적용하여 파이프 선정을 했을때는 다른 결과의 파이프 선정이 될 수가 있습니다.,,,,Este tamaño de tubería fue calculado usando los estándares recomendados por TLV. Otros estándares locales o internacionales pueden resultar en la selección de diferentes tamaños de tubería.,,,,"Этот размер трубы был вычислен, используя рекомендуемые стандарты TLV. Другие местные или международные принятые стандарты могут привести к выбору различных размеров трубы.",,,,O diâmetro dessa tubulação foi calculada usando recomendações TLV,,,,"Bu Boru Ölçüsü , TLV 'nin Önerdiği Standartlar Kullanılarak Hesaplanmıştır. Diğer Bölgesel Veya Uluslararası Kabul Edilen Standartlar Farklı Boru Ölçülerinin Seçimi İle Sonuçlanabilir ",,,,Wielkość rurociągu została obliczona na postawie zalecanych standardów TLV. Inne standardy lokalne lub międzynarodowe mogą prowadzić do doboru innej średnicy.,,,,Questa dimensione della tubazione è calcolata usando gli standard raccomandati da TLV. Qualche altro standard internazionale o locale  potrebbe apparire nella selezione delle differenti dimensioni della tubazione,,,,Este tamaño de tubería se calculó con los estándares recomendados por TLV. Otros estándares locales o internacionales pueden tener como resultado la selección de diferentes tamaños de tubería.,,,,Deze leidingmaat is berekend met de aanbevolen normen van TLV. Andere plaatselijke of internationaal aanvaarde normen kunnen resulteren in de keuze van andere leidingmaten.,,,,ขนาดท่อถูกคำนวณโดยใช้มาตรฐานที่แนะนำของ TLV มาตรฐานท้องที่อื่น ๆ หรือมาตรฐานที่เป็นที่ยอมรับทั่วโลกอาจทำให้ได้ขนาดท่อที่แตกต่าง,,,
STM,0,15000,,0,2,,,,,,,,,,,,,,0,0,0,0,0,0,0,0,0,0,0,0,0,0,0,0,0,0,0,0,0,0,0,0,0,0,0,0,0,0,0,0,0,0,0,0,0,0,0,0,0,0,0,0,0,0,0,0,0,0,0,0,0,0,0,0,0,0,0,0,0,0,0,0,0,0,0,0,0,,Engineering Data,,29,,エンジニアリングデータ,,,,Technische Daten,,,,Données d'engineering,,29,,工程数据表,,,,工程數據表,,,,엔지니어링 데이터,,,,Datos de Ingeniería,Datos Ing.,,,Технические данные,,,,Dados de engenharia ,,,,Mühendislik Verisi,,,,Dane inżynierskie,,,,Dati ingegneristici,,,,Datos de ingeniería,,,,Technische gegevens,,,,ข้อมูลทางวิศวกรรม,,,
STM,0,15100,,2,2,,,,,,,,,,,,,,0,0,0,0,0,0,0,0,0,0,0,0,0,0,0,0,0,0,0,0,0,0,0,0,0,0,0,0,0,0,0,0,0,0,0,0,0,0,0,0,0,0,0,0,0,0,0,0,0,0,0,0,0,0,0,0,0,0,0,0,0,0,0,0,0,0,0,0,0,,Unit Conversion,Unit conversion,29,,単位換算,,,,Einheiten-Umrechnung,,,,Conversion d'unités,,29,,单位换算,,,,單位換算,,,,단위환산,,,,Unidad de Conversión,Unidad Conversión,,,Перевод единиц измерения,,,,Conversão de unidade,,,,Birim Dönüştürme,,,,Konwersja jednostek,,,,Unità di conversione,,,,Unidad de conversión,,,,Omzetten van eenheden,,,,การเปลี่ยนหน่วย,,,
STM,0,15110,,2,1,,,,,,,,,,,,,,0,0,0,0,0,0,0,0,0,0,0,0,0,0,0,0,0,0,0,0,0,0,0,0,0,0,0,0,0,0,0,0,0,0,0,0,0,0,0,0,0,0,0,0,0,0,0,0,0,0,0,0,0,0,0,0,5,0,0,0,0,0,0,0,0,0,0,0,0,,Temperature (Reading),Temperature (Read),19,,温度,,,,Temperatur,,,,Température ( lue ),,19,,温度（读数）,,,,溫度（讀數）,,,,온도,,,,Temperatura (Lectura),Temp. (Lectura),,,Температура (текущая),,,,Temperatura (lida),,,,Sıcaklık(Okunan),,,,Temperatura (Odczyt),,,,Temperatura (rilevata),,,,Temperatura (lectura),,,,Temperatuur (aflezing),,,,อุณหภูมิ (การอ่านค่า),,,
STM,0,15111,,2,1,,,,,,,,,,,,,,0,0,0,0,0,0,0,0,0,0,0,0,0,0,0,0,0,0,0,0,0,0,0,0,0,0,0,0,0,0,0,0,0,0,0,0,0,0,0,0,0,0,0,0,0,0,0,0,0,0,0,0,0,0,0,0,0,5,0,0,0,0,0,0,0,0,0,0,0,,Temperature (Difference),Temperature (Diff),19,,温度差,,,,Temperaturdifferenz,,,,Température ( delta ),,19,,温度（温差）,,,,溫度（溫差）,,,,온도차,,,,Temperatura (Diferencia),Temp. (Dif.),,,Температура (разница),,,,Temperatura (diferença),,,,Sıcaklık (Fark),,,,Temperatura (Różnica),,,,Temperatura (differenza),,,,Temperatura (diferencia),,,,Temperatuur (verschil),,,,อุณหภูมิ (ความแตกต่าง),,,
STM,0,15112,,2,1,,,,,,,,,,,,,,0,0,0,0,0,0,0,0,0,0,0,0,0,0,0,0,0,0,0,0,0,0,0,0,0,0,0,0,0,0,0,0,0,0,0,0,0,0,0,0,0,0,0,0,0,0,0,0,0,0,0,0,0,0,0,0,0,0,5,0,0,0,0,0,0,0,0,0,0,,Pressure,Pressure,19,,圧力,,,,Druck,,,,Pression,,19,,压力,,,,壓力,,,,압력,,,,Presión,Pres.,,,Давление,,,,Pressão,,,,Basınç,,,,Ciśnienie,,,,Pressione,,,,Presión,,,,Druk,,,,ความดัน,,,
STM,0,15113,,2,1,,,,,,,,,,,,,,0,0,0,0,0,0,0,0,0,0,0,0,0,0,0,0,0,0,0,0,0,0,0,0,0,0,0,0,0,0,0,0,0,0,0,0,0,0,0,0,0,0,0,0,0,0,0,0,0,0,0,0,0,0,0,0,0,0,0,5,0,0,0,0,0,0,0,0,0,,Length,Length,19,,長さ,,,,Länge,,,,Longueur,,19,,长度,,,,長度,,,,길이,,,,Longitud,Long.,,,Длина,,,,Comprimento,,,,Uzunluk,,,,Długość,,,,Lunghezza,,,,Longitud,,,,Lengte,,,,ความยาว,,,
STM,0,15114,,2,1,,,,,,,,,,,,,,0,0,0,0,0,0,0,0,0,0,0,0,0,0,0,0,0,0,0,0,0,0,0,0,0,0,0,0,0,0,0,0,0,0,0,0,0,0,0,0,0,0,0,0,0,0,0,0,0,0,0,0,0,0,0,0,0,0,0,0,5,0,0,0,0,0,0,0,0,,Area,Area,19,,面積,,,,Fläche,,,,Surface,,19,,面积,,,,面積,,,,면적,,,,Área,Área,,,Площадь,,,,Área,,,,Alan,,,,Powierzchnia,,,,Area,,,,Área,,,,Gebied,,,,พื้นที่,,,
STM,0,15115,,2,1,,,,,,,,,,,,,,0,0,0,0,0,0,0,0,0,0,0,0,0,0,0,0,0,0,0,0,0,0,0,0,0,0,0,0,0,0,0,0,0,0,0,0,0,0,0,0,0,0,0,0,0,0,0,0,0,0,0,0,0,0,0,0,0,0,0,0,0,5,0,0,0,0,0,0,0,,Volume,Volume,19,,体積,,,,Volumen,,,,Volume,,19,,体积,,,,體積,,,,체적,,,,Volumen,Vol.,,,Объем,,,,Volume,,,,Hacim,,,,Objętość,,,,Volume,,,,Volumen,,,,Volume,,,,ความจุ,,,
STM,0,15116,,2,1,,,,,,,,,,,,,,0,0,0,0,0,0,0,0,0,0,0,0,0,0,0,0,0,0,0,0,0,0,0,0,0,0,0,0,0,0,0,0,0,0,0,0,0,0,0,0,0,0,0,0,0,0,0,0,0,0,0,0,0,0,0,0,0,0,0,0,0,0,5,0,0,0,0,0,0,,Velocity,Velocity,19,,速度,,,,Geschwindigkeit,,,,Vitesse  ,,19,,流速,,,,流速,,,,속도,,,,Velocidad,Vel.,,,Скорость,,,,Velocidade,,,,Hız  ,,,,Prędkość,,,,Velocità,,,,Velocidad,,,,Snelheid,,,,ความเร็ว,,,
STM,0,15117,,2,1,,,,,,,,,,,,,,0,0,0,0,0,0,0,0,0,0,0,0,0,0,0,0,0,0,0,0,0,0,0,0,0,0,0,0,0,0,0,0,0,0,0,0,0,0,0,0,0,0,0,0,0,0,0,0,0,0,0,0,0,0,0,0,0,0,0,0,0,0,0,5,0,0,0,0,0,,Weight,Weight,19,,重量,,,,Gewicht,,,,Poids,,19,,重量,,,,重量,,,,중량,,,,Peso,Peso,,,Вес,,,,Peso,,,,Ağırlık,,,,Waga,,,,Peso,,,,Peso,,,,Gewicht,,,,น้ำหนัก,,,
STM,0,15118,,2,1,,,,,,,,,,,,,,0,0,0,0,0,0,0,0,0,0,0,0,0,0,0,0,0,0,0,0,0,0,0,0,0,0,0,0,0,0,0,0,0,0,0,0,0,0,0,0,0,0,0,0,0,0,0,0,0,0,0,0,0,0,0,0,0,0,0,0,0,0,0,0,5,0,0,0,0,,Dynamic Viscosity,Dyn. Viscosity,19,,粘度,,,,Dynamische Viskosität,,,,Viscosité dynamique,,19,,粘度,,,,粘度,,,,점도,,,,Viscosidad Dinámica,Viscosidad dinam.,,,Динамическая вязкость,,,,Viscosidade dinâmica,,,,Dinamik Viskozite,,,,Lepkość dynamiczna,,,,Viscosità dinamica,,,,Viscosidad dinámica,,,,Dynamische viscositeit,,,,ความหนืดพลวัตร,,,
STM,0,15119,,2,1,,,,,,,,,,,,,,0,0,0,0,0,0,0,0,0,0,0,0,0,0,0,0,0,0,0,0,0,0,0,0,0,0,0,0,0,0,0,0,0,0,0,0,0,0,0,0,0,0,0,0,0,0,0,0,0,0,0,0,0,0,0,0,0,0,0,0,0,0,0,0,0,5,0,0,0,,Energy,Energy,19,,熱量,,,,Energie,,,,Energie,,19,,能量,,,,能量,,,,열량,,,,Energía,Energía,,,Энергия,,,,Energia,,,,Enerji,,,,Energia,,,,Energia,,,,Energía,,,,Energie,,,,พลังงาน,,,
STM,0,15120,,2,1,,,,,,,,,,,,,,0,0,0,0,0,0,0,0,0,0,0,0,0,0,0,0,0,0,0,0,0,0,0,0,0,0,0,0,0,0,0,0,0,0,0,0,0,0,0,0,0,0,0,0,0,0,0,0,0,0,0,0,0,0,0,0,0,0,0,0,0,0,0,0,0,0,5,0,0,,Heat-Transfer Coefficient ,Heat-Transfer Coeff,19,,熱伝達率,,,,Wärmeübergangszahl,,,,Coefficient de transfert de chaleur,,19,,传热系数,,,,傳熱係數,,,,열전달율,,,,Coeficiente de Transferencia de Calor,Coef. Transf. Calor,,,Коэффициент теплопередачи,,,,Coeficiente de transferência de calor,,,,Isı-Transfer Katsayısı,,,,Współczynnik wymiany ciepła,,,,Coefficiente di trasferimento del calore,,,,Coeficiente de transferencia de calor,,,,Warmte-overdracht coëfficiënt ,,,,สัมประสิทธิ์การถ่ายเทความร้อน ,,,
STM,0,15121,,2,1,,,,,,,,,,,,,,0,0,0,0,0,0,0,0,0,0,0,0,0,0,0,0,0,0,0,0,0,0,0,0,0,0,0,0,0,0,0,0,0,0,0,0,0,0,0,0,0,0,0,0,0,0,0,0,0,0,0,0,0,0,0,0,0,0,0,0,0,0,0,0,0,0,0,5,0,,Thermal Conductivity Coefficient ,Therml Condct Coeff,19,,熱伝導率,,,,Wärmeleitzahl,,,,Coefficient de conductivité thermique,,19,,导热系数,,,,導熱係數,,,,연전도율,,,,Coeficiente de Conductividad Térmica,Coef. Conductividad Term.,,,Коэффициент теплопроводности,,,,Coeficiente de condutividade térmica,,,,Isıl İletkenlik Katsayısı,,,,Współczynnik przewodzenia ciepła,,,,Coefficiente di conduttività termica,,,,Coeficiente de conductividad térmica,,,,Coëfficiënt thermische geleiding ,,,,สัมประสิทธิ์การนำความร้อน ,,,
STM,0,15122,,2,1,,,,,,,,,,,,,,0,0,0,0,0,0,0,0,0,0,0,0,0,0,0,0,0,0,0,0,0,0,0,0,0,0,0,0,0,0,0,0,0,0,0,0,0,0,0,0,0,0,0,0,0,0,0,0,0,0,0,0,0,0,0,0,0,0,0,0,0,0,0,0,0,0,0,0,5,,Specific Enthalpy,Specific Enthalpy,19,,比エンタルピ,,,,Spez. Enthalpie,,,,Enthalpie spécifique,,19,,热焓,,,,熱焓,,,,비엔탈피,,,,Entalpía Específica,Entalpía Esp.,,,Удельная энтальпия,,,,Entalpia específica,,,,Özgül Entalpi,,,,Entalpia właściwa,,,,Entalpia specifica,,,,Entalpía específica,,,,Soortelijke enthalpie,,,,เอนทัลปีจำเพาะ,,,
STM,1,11500,,2,2,,,,,,,,,,,,,,0,0,0,0,0,0,0,0,0,0,0,0,0,0,0,0,0,0,0,0,0,0,0,0,0,0,0,0,0,0,0,0,0,0,0,0,0,0,0,0,0,0,0,0,0,0,0,0,0,0,0,0,0,0,0,0,0,0,0,0,0,0,0,0,0,0,0,0,0,,Steam Tables,,29,,蒸気表,,,,Dampftabellen,,,,Table de la vapeur,,29,,蒸汽表,,,,蒸汽表,,,,증기표,,,,Tabla de Vapor,Tabla Vapor,,,Паровые таблицы,,,,Tabelas de vapor,,,,Buhar Tabloları,,,,Tablice parowe,,,,Tabelle del vapore,,,,Tabla de vapor,,,,Stoomtabellen,,,,ตารางไอน้ำ,,,
STM,1,11510,,2,1,,,,,,,,,,,,,,0,0,0,0,0,0,0,0,0,0,0,0,0,0,0,0,0,0,0,0,0,0,0,0,5,0,0,0,0,0,0,0,0,0,0,0,0,0,0,0,0,0,0,0,0,0,0,0,0,0,0,0,0,0,0,0,0,0,0,0,0,0,0,0,0,0,0,0,0,,Saturated Steam Table by Pressure,Sat Steam Table (Press Based),29,,飽和蒸気表（圧力基準）,,,,Sattdampftabelle (Druckbezogen),,,,Table de la vapeur saturée ( sur base de la pression ),,29,,饱和蒸汽表（基于压力）,,,,飽和蒸汽表（基於壓力）,,,,포화증기표(압력기준),,,,Tabla de Vapor Saturado (Basado en Presión),Tabla Vapor Sat. (Basado Pres.),,,Таблица свойств насыщеннного пара по давлению,,,,Tabela de vapor saturado por pressão,,,,Basınca Göre Doymuş Buhar Tablosu,,,,Tabela pary nasyconej wg ciśnień,,,,Tabella del vapore saturo con la pressione,,,,Tabla de vapor saturado (basado en presión),,,,Tabel verzadigde stoom naar druk,,,,ตารางไอน้ำอิ่มตัวแบ่งตามความดัน,,,
STM,1,11520,,2,1,,,,,,,,,,,,,,0,0,0,0,0,0,0,0,0,0,0,0,0,0,0,0,0,0,0,0,0,0,0,0,0,5,0,0,0,0,0,0,0,0,0,0,0,0,0,0,0,0,0,0,0,0,0,0,0,0,0,0,0,0,0,0,0,0,0,0,0,0,0,0,0,0,0,0,0,,Saturated Steam Table by Temperature,Sat Steam Table (Temp Based),29,,飽和蒸気表（温度基準）,,,,Sattdampftabelle (Temperaturbezogen),,,,Table de la vapeur saturée ( sur base de la température ),,29,,饱和蒸汽表（基于温度）,,,,飽和蒸汽表（基於溫度）,,,,포화증기표(온도기준) ,,,,Tabla de Vapor Saturado (Basado en Temperatura),Tabla Vapor Sat. (Basado Temp.),,,Таблица свойств насыщеннного пара по температуре,,,,Tabela de vapor saturado por temperatura,,,,Sıcaklığa Göre Doymuş Buhar Tablosu,,,,Tabela pary nasyconej wg temperatur,,,,Tabella del vapore saturo con la temperatura,,,,Tabla de vapor saturado (basado en temperatura),,,,Tabel verzadigde stoom naar temperatuur,,,,ตารางไอน้ำอิ่มตัวแบ่งตามอุณหภูมิ,,,
STM,1,11530,,2,1,,,,,,,,,,,,,,0,0,0,0,0,0,0,0,0,0,0,0,0,0,0,0,0,0,0,0,0,0,0,0,0,0,5,0,0,0,0,0,0,0,0,0,0,0,0,0,0,0,0,0,0,0,0,0,0,0,0,0,0,0,0,0,0,0,0,0,0,0,0,0,0,0,0,0,0,,Superheated Steam Table,Superheated Steam Table,29,,過熱蒸気表,,,,Tabelle überhitzter Dampf,,,,Table de la vapeur surchauffée ,,29,,过热蒸汽表,,,,過熱蒸汽表,,,,과열증기표,,,,Tabla de Vapor Sobre-calentado,Tabla Vap. Sobre-Cal.,,,Таблица свойств перегретого пара,,,,Tabela de vapor superaquecido,,,,Kızgın Buhar Tablosu,,,,Tabela pary przegrzanej,,,,Tabella del vapore surriscaldato,,,,Tabla de vapor sobrecalentado,,,,Tabel van oververhitte stoom,,,,ตารางไอน้ำร้อนยวดยิ่ง,,,
STM,2,10000,,0,2,,,,,,,,,,,,,,0,0,0,0,0,0,0,0,0,0,0,0,0,0,0,0,0,0,0,0,0,0,0,0,0,0,0,0,0,0,0,0,0,0,0,0,0,0,0,0,0,0,0,0,0,0,0,0,0,0,0,0,0,0,0,0,0,0,0,0,0,0,0,0,0,0,0,0,0,,Steam,,29,,蒸気,,,,Dampf ,,,,Vapeur,,29,,蒸汽,,,,蒸汽,,,,증기,,,,Vapor,Vap.,,,Пар,,,,Vapor,,,,Buhar,,,,Para wodna,,,,Vapore,,,,Vapor,,,,Stoom,,,,ไอน้ำ,,,
STM,2,11000,,2,2,,,,,,,,,,,,,,0,0,0,0,0,0,0,0,0,0,0,0,0,0,0,0,0,0,0,0,0,0,0,0,0,0,0,0,0,0,0,0,0,0,0,0,0,0,0,0,0,0,0,0,0,0,0,0,0,0,0,0,0,0,0,0,0,0,0,0,0,0,0,0,0,0,0,0,0,,Steam Pipe Sizing,,29,,蒸気配管設計,,,,Dimensionierung Rohrleitung,,,,Dimensionnement de la tuyauterie,,29,,管道设计,,,,管道設計,,,,배관설계,,,,Diseño de Tubería,Diseño Tub.,,,Расчет трубопроводов,,,,Dimensionamento da tubulação para vapor,,,,Buhar Borusu Boyutlandırma,,,,Dobór rurociągu parowego,,,,Dimensionamento della tubazione del vapore,,,,Diseño de tubería,,,,Dimensionering van stoomleidingen,,,,ขนาดท่อของไอน้ำ,,,
STM,2,11110,,2,1,,,,,,,,,,,,,,5,0,0,0,0,0,0,0,0,0,0,0,0,0,0,0,0,0,0,0,0,0,0,0,0,0,0,0,0,0,0,0,0,0,0,0,0,0,0,0,0,0,0,0,0,0,0,0,0,0,0,0,0,0,0,0,0,0,0,0,0,0,0,0,0,0,0,0,0,,Pipe Sizing by Pressure Loss for Steam,Pipe Sizing by Pressure Loss,29,,蒸気配管の圧力損失による配管呼径選定,蒸気の圧損による配管呼径選定,,,Dimensionierung einer Dampfleitung nach Druckverlust,,,,Dimensionnement de la tuyauterie par perte de charge,,29,,蒸汽管道选型（基于压降）,,,,蒸汽管道選型（基於壓降）,,,,증기배관의 압력손실에 따른 배관사이즈 선정,증기의 압력손실을 고려한 배관사이징,,,Dimensionamiento de Tubería por Caída de Presión,Dimen. de Tubería por Caída de Pres.,,,Расчет паропровода по потерям давления,,,,Dimensionamento da tubulação para vapor por perda de pressão ,,,,Buhar İçin Basınç Kaybına Göre Boru Boyutlandırma,,,,Dobór rurociągu parowego ze względu na spadek ciśnienia,,,,Dimensionamento della tubazione con la perdita di pressione del vapore,,,,Dimensionamiento de tubería por caída de presión,,,,Leidingdimensionering naar drukverlies voor stoom,,,,ขนาดท่อแบ่งตามการเสียความดันสำหรับไอน้ำ,,,
STM,2,11120,,2,1,,,,,,,,,,,,,,0,5,0,0,0,0,0,0,0,0,0,0,0,0,0,0,0,0,0,0,0,0,0,0,0,0,0,0,0,0,0,0,0,0,0,0,0,0,0,0,0,0,0,0,0,0,0,0,0,0,0,0,0,0,0,0,0,0,0,0,0,0,0,0,0,0,0,0,0,,Pipe Sizing by Velocity for Steam,Pipe Sizing by Velocity ,29,,蒸気配管の蒸気流速による配管呼径選定,蒸気の流速による配管呼径選定,,,Dimensionierung einer Dampfleitung nach Geschwindigkeit,,,,Dimensionnement de la tuyauterie par vitesse,,29,,蒸汽管道选型（基于流速）,,,,蒸汽管道選型（基於流速）,,,,증기배관의 증기유속에 따른 배관사이즈 선정,증기의 유속을 고려한 배관사이징,,,Dimensionamiento de Tubería por Velocidad,Dimen. de Tubería por Vel,,,Расчет паропровода по скорости пара,,,,Dimensionamento da tubulação para vapor pela velocidade,,,,Buhar İçin Hıza Göre Boru Boyutlandırma,,,,Dobór rurociągu parowego ze względu na prędkość,,,,Dimensionamento della tubazione con la velocità del vapore,,,,Dimensionamiento de tubería por velocidad,,,,Leidingdimensionering naar snelheid voor stoom,,,,ขนาดท่อแบ่งตามความเร็วสำหรับไอน้ำ,,,
STM,2,11130,,1,1,,,,,,,,,,,,,,0,0,5,0,0,0,0,0,0,0,0,0,0,0,0,0,0,0,0,0,0,0,0,0,0,0,0,0,0,0,0,0,0,0,0,0,0,0,0,0,0,0,0,0,0,0,0,0,0,0,0,0,0,0,0,0,0,0,0,0,0,0,0,0,0,0,0,0,0,,Pipe Sizing for Steam Vent,Pipe Sizing for Steam Vent,29,,蒸気ﾍﾞﾝﾄ管の配管呼径選定,,,,Dimensionierung einer Dampfentlüftungsleitung,,,,Dimensionnement de la tuyauterie pour évent vapeur,,29,,蒸汽排空管选型,,,,蒸汽排空管選型,,,,증기벤트관의 배관사이즈 선정,,,,Dimensionamiento de Tubería por Venteo de Vapor,Dimen. de Tubería por Venteo de Vapor,,,Расчет выхода вентиляционнго паропровода,,,,Dimensionamento da tubulação para descarga livre do vapor,,,,Buhar Çıkışı İçin Boru Boyutlandırma,,,,Dobór rurociągu wydmuchowego pary,,,,Dimensionamento della tubazione per sfiato del vapore,,,,Dimensionamiento de tubería por ventilación de vapor,,,,Leidingdimensionering voor stoomontluchting,,,,ขนาดท่อสำหรับช่องระบายไอน้ำ,,,
STM,2,11140,,2,1,,,,,,,,,,,,,,0,0,0,5,0,0,0,0,0,0,0,0,0,0,0,0,0,0,0,0,0,0,0,0,0,0,0,0,0,0,0,0,0,0,0,0,0,0,0,0,0,0,0,0,0,0,0,0,0,0,0,0,0,0,0,0,0,0,0,0,0,0,0,0,0,0,0,0,0,,Steam Pressure Loss through Piping,Pressure Loss,29,,蒸気配管の圧力損失,,,,Druckverlust in einer Dampfleitung,,,,Perte de charge,,29,,压损,,,,壓損,,,,증기배관의 압력손실,,,,Caída de Presión,Caída de Pres.,,,Потери давления пара на трубе,,,,Perda de pressão do vapor através da tubulação,,,,Boru Hattı Boyunca Oluşan Buhar Basınç Kaybı,,,,Spadek ciśnienia pary w rurociągu,,,,Perdita di pressione del vapore attraverso la tubazione,,,,Caída de presión,,,,Stoomdrukverlies in leidingen,,,,การเสียความดันไอน้ำผ่านท่อ,,,
STM,2,11150,,2,1,,,,,,,,,,,,,,0,0,0,0,5,0,0,0,0,0,0,0,0,0,0,0,0,0,0,0,0,0,0,0,0,0,0,0,0,0,0,0,0,0,0,0,0,0,0,0,0,0,0,0,0,0,0,0,0,0,0,0,0,0,0,0,0,0,0,0,0,0,0,0,0,0,0,0,0,,Steam Velocity through Piping,Steam Velocity through Piping,29,,配管中の蒸気流速,,,,Dampfgeschwindigkeit,,,,Vitesse de la vapeur dans la tuyauterie,,29,,管道中蒸汽流速,,,,管道中蒸汽流速,,,,배관내의 증기유속,,,,Velocidad del Vapor dentro de la Tubería,Vel. del Vapor dentro de la Tubería,,,Скорость пара в трубе,,,,Perda de velocidade do vapor através da tubulação,,,,Boru Hattı Boyunca Oluşan Buhar Hızı,,,,Prędkość pary w rurociągu,,,,Velocità del vapore attraverso la tubazione,,,,Velocidad del vapor dentro de la tubería,,,,Stoomsnelheid in leidingen,,,,ความเร็วไอน้ำผ่านท่อ,,,
STM,2,11160,,2,1,,,,,,,,,,,,,,0,0,0,0,0,5,0,0,0,0,0,0,0,0,0,0,0,0,0,0,0,0,0,0,0,0,0,0,0,0,0,0,0,0,0,0,0,0,0,0,0,0,0,0,0,0,0,0,0,0,0,0,0,0,0,0,0,0,0,0,0,0,0,0,0,0,0,0,0,,Steam Flow Rate through Piping,Steam Flow Rate thrgh Piping,29,,配管中の蒸気流量,,,,Dampfdurchsatz,,,,Débit de la vapeur dans la tuyauterie,,29,,管道中蒸汽流量,,,,管道中蒸汽流量,,,,배관내의 증기유량,,,,Rango de Flujo de Vapor en la Tubería,Rango de Flujo de Vapor en la Tubería,,,Расход пара в трубе,,,,Vazão do vapor através da tubulação,,,,Boru Hattı Boyunca Oluşan Buhar Debisi,,,,Wielkość przepływu pary w rurociągu,,,,Flusso del vapore attraverso la tubazione,,,,Flujo de vapor en la tubería,,,,Stoomdebiet in leidingen,,,,อัตราการไหลของไอน้ำผ่านท่อ,,,
STM,3,12200,,2,2,,,,,,,,,,,,,,0,0,0,0,0,0,0,0,0,0,0,0,0,0,0,0,0,0,0,0,0,0,0,0,0,0,0,0,0,0,0,0,0,0,0,0,0,0,0,0,0,0,0,0,0,0,0,0,0,0,0,0,0,0,0,0,0,0,0,0,0,0,0,0,0,0,0,0,0,,Condensate Pipe Sizing,,29,,ドレン配管設計,,,,Dimensionierung Kondensatleitung,,,,Dimensionnement de tuyauterie pour condensât,,29,,冷凝水管选型,,,,冷凝水管選型,,,,배관계산,,,,Dimensionamiento de Tubería para Condensado,Dim. Tubería Cond.,,,Расчет конденсатопроводов,,,,Dimensionamento da tubulação de condensado,,,,Kondens Boru Boyutlandırma,,,,Dobór średnicy rurociągu kondensatu,,,,Dimensionamento della tubazione della condensa,,,,Dimensionamiento de tubería para condensado,,,,Dimensionering van condensaatleidingen,,,,ขนาดท่อควบแน่น,,,
STM,3,12210,,2,1,,,,,,,,,,,,,,0,0,0,0,0,0,0,0,0,0,0,0,0,0,0,0,0,0,0,0,0,0,0,0,0,0,0,0,0,0,0,5,0,0,0,0,0,0,0,0,0,0,0,0,0,0,0,0,0,0,0,0,0,0,0,0,0,0,0,0,0,0,0,0,0,0,0,0,0,,Condensate Recovery Pipe Sizing Between Equipment and Trap,Pipe Sizing - Equip to Trap,29,,装置とトラップﾟ間の配管呼径選定,,,,Kondensatleitung zwischen Verbraucher und KA,,,,Dimensionnement de tuyauterie entre le process et le purgeur,,29,,管道选型-设备到疏水阀,,,,管道選型-設備到疏水閥,,,,장치와 트랩사이의 배관사이즈 계산,,,,Dimensionamiento de Tubería entre el Equipo y la Trampa,Dim. Tubería entre Equipo y Trampa,,,Расчет конденсатопровода между оборудованием и конденсатоотводчиком,,,,Dimensionamento da tubulação de recuperação de condensado  entre o equipamento e o purgador,,,,Ekipman Ve Kapan Arasında Kondens Geri Kazanım Boru Boyutlandırma,,,,Dobór rurociągu powrotnego kondensatu pomiędzy urządzeniem i odwadniaczem,,,,Dimensionamento della tubazione di recupero condensa tra l'impianto e lo scaricatore,,,,Dimensionamiento de tubería entre el equipo y la trampa,,,,Dimensionering van condensaat-terugwinningsleiding tussen installatie en condenspot,,,,ขนาดท่อของการกลับคืนการควบแน่นอยู่ระหว่างอุปกรณ์และเครื่องดัก,,,
STM,3,12220,,2,1,,,,,,,,,,,,,,0,0,0,0,0,0,0,0,0,0,0,0,0,0,0,0,0,0,0,0,0,0,0,0,0,0,0,0,0,0,0,0,5,5,0,0,0,0,0,0,0,0,0,0,0,0,0,0,0,0,0,0,0,0,0,0,0,0,0,0,0,0,0,0,0,0,0,0,0,,Condensate Recovery Pipe Sizing for Condensate Recovery Line by Pressure Loss,Pipe Sizing - Conds Rec Line (Pres. Loss),29,,ドレン回収管の圧力損失による配管呼径選定,,,,Rohrleitungsdimensionierung der Kondensatrückführleitung nach Druckverlust,,,,Dimensionnement de tuyauterie pour ligne retour de condensat par perte de charge,,29,,管道选型-冷凝水回收管（基于压降）,,,,管道選型-冷凝水回收管（基於壓降）,,,,압력손실을 고려한 응축수회수 배관사이즈 선정,,,,Dimensionamiento de Tubería para Línea de Recuperación de Condensado por Caída de Presión,Dim. Tubería - Rec. Cond. (Caída de Pres.),,,Расчет конденсатопровода возврата конденсата по давлению,,,,Dimensionamento da tubulação de recuperação de condensado por perda de pressão,,,,Basınç Kaybına Göre Kondens Geri Kazanım Hattı için Kondens Geri Kazanım Boru Boyutlandırma,,,,Dobór rurociągu powrotnego kondensatu wg spadku ciśnienia,,,,Dimensionamento della tubazione per recupero di linea della condensa con la perdita di pressione,,,,Dimensionamiento de tubería para línea de recuperación de condensado por caída de presión,,,,Dimensionering van condensaat-terugwinningsleiding naar drukverlies voor condensaat-terugwinningslijn,,,,ขนาดท่อของการกลับคืนการควบแน่นสำหรับแนวการกลับคืนการควบแน่นแบ่งตามการเสียความดัน,,,
STM,3,12221,,2,1,,,,,,,,,,,,,,0,0,0,0,0,0,0,0,0,0,0,0,0,0,0,0,0,0,0,0,0,0,0,0,0,0,0,0,0,0,0,0,5,5,0,0,0,0,0,0,0,0,0,0,0,0,0,0,0,0,0,0,0,0,0,0,0,0,0,0,0,0,0,0,0,0,0,0,0,,Condensate Recovery Pipe Sizing for Condensate Recovery Line by Velocity,Pipe Sizing - Conds Rec Line (Velocity),29,,ドレン回収管の流速による配管呼径選定,,,,Rohrleitungsdimensionierung der Kondensatrückführleitung nach Geschwindigkeit,,,,Dimensionnement de tuyauterie pour ligne retour de condensat par vitesse,,29,,管道选型-冷凝水回收管（基于流速）,,,,管道選型-冷凝水回收管（基於流速）,,,,유속을 고려한 응축수회수 배관사이즈 선정,,,,Dimensionamiento de Tubería para Línea de Recuperación de Condensado por Velocidad,Dim. Tubería - Rec. Cond. (Veloc.),,,Расчет конденсатопровода возврата конденсата по скорости,,,,Dimensionamento da tubulação de recuperação de condensado por velocidade,,,,Hıza Göre Kondens Geri Kazanım Hattı için Kondens Geri Kazanım Boru Boyutlandırma,,,,Dobór rurociągu powrotnego kondensatu wg prędkości,,,,Dimensionamento della tubazione per recupero di linea della condensa con la velocità,,,,Dimensionamiento de tubería para línea de recuperación de condensado por velocidad,,,,Dimensionering van condensaat-terugwinningsleiding naar snelheid voor condensaat-terugwinningslijn,,,,ขนาดท่อของการกลับคืนการควบแน่นสำหรับแนวการกลับคืนการควบแน่นแบ่งตามความเร็ว,,,
STM,3,12230,,2,1,,,,,,,,,,,,,,0,0,0,0,0,0,0,0,0,0,0,0,0,0,0,0,0,0,0,0,0,0,0,0,0,0,0,0,0,0,0,0,0,0,5,0,0,0,0,0,0,0,0,0,0,0,0,0,0,0,0,0,0,0,0,0,0,0,0,0,0,0,0,0,0,0,0,0,0,,Condensate Recovery Pipe Sizing for Pump Outlet Line,Pipe Sizing - Pump Out Line,29,,ポンプﾟ出口管の配管呼径選定,,,,Kondensatleitung nach einer Pumpe,,,,Dimensionnement de tuyauterie pour ligne retour après la pompe,,29,,管道选型-泵出口管,,,,管道選型-泵出口管,,,,펌프출구관의 배관사이즈 선정,,,,Dimensionamiento de Tubería para Línea de Salida de la Bomba,Dim. Tubería - Línea Sal Bomba,,,Расчет диаметра конденсатопровода на выходе насоса,,,,Dimensionamento da tubulação de retorno de condensado por bomba,,,,Pompa Çıkış Hattı İçin Kondens Geri Kazanım Boru Boyutlandırma,,,,Dobór rurociągu powrotnego kondensatu na wylocie pompy,,,,Dimensionamento della tubazione per la linea di uscita dalla pompa,,,,Dimensionamiento de tubería para línea de salida de la bomba,,,,Dimensionering van condensaat-terugwinningsleiding voor pompuitlaatlijn,,,,ขนาดท่อของการกลับคืนการควบแน่นสำหรับแนวช่องออกการสูบ,,,
STM,3,12310,,2,1,,,,,,,,,,,,,,0,0,0,0,0,0,0,0,0,0,0,0,0,0,0,0,0,0,0,0,0,0,0,0,0,0,0,0,0,0,0,0,0,0,0,5,0,0,0,0,0,0,0,0,0,0,0,0,0,0,0,0,0,0,0,0,0,0,0,0,0,0,0,0,0,0,0,0,0,,Flash Steam Generated by Hot Condensate,Flash Steam from Condensate,29,,フラッシュ蒸気量,,,,Nachdampf aus Heisskondensat,,,,Vapeur de revaporisation générée par condensât chaud,,29,,高温冷凝水产生的闪蒸汽量计算,,,,高溫冷凝水產生的閃蒸汽量計算,,,,재증발 증기량,,,,Vapor Flash Generado por el Condensado Caliente,Vap. Flash por Cond.,,,Образование пара вторичного вскипания горячего конденсата,,,,Vapor flash gerado por condensado quente,,,,Sıcak Kondens İle Flaş Buhar Üretimi,,,,Para wtórna generowana przez gorący kondensat,,,,Flash steam generato dalla condensa calda,,,,Vapor flash generado por el condensado caliente,,,,Flashstoom opgewekt door warme condensaat,,,,ไอน้ำแฟลชสร้างจากการควบแน่นแบบร้อน,,,
STM,3,11360,,0,1,,,,,,,,,,,,,,0,0,0,0,0,0,0,0,0,0,0,0,0,0,0,5,0,0,0,0,0,0,0,0,0,0,0,0,0,0,0,0,0,0,0,0,0,0,0,0,0,0,0,0,0,0,0,0,0,0,0,0,0,0,0,0,0,0,0,0,0,0,0,0,0,0,0,0,0,,Stall Point (Air),,29,,ストールポイント計算（気体）,,,,Rückstaupunkt (Luft),,,,Point de charge critique (air),,,,滞流点（空气）,,,,滯流點（空氣）,,,,스톨 포인트(기체),,,,Punto Stall (Aire),,,,Точка подтопления (воздух),,,,Ponto de stall(Ar),,,,Stal(Birikmeye Başlama) Noktası (Hava İçin),,,,Punkt podciśnienia (Stall) (Powietrze),,,,Punto di stallo (Aria),,,,Punto de bloqueo (aire),,,,Stagnatiepunt (lucht),,,,จุดหยุด (อากาศ),,,
STM,4,11300,,2,2,,,,,,,,,,,,,,0,0,0,0,0,0,0,0,0,0,0,0,0,0,0,0,0,0,0,0,0,0,0,0,0,0,0,0,0,0,0,0,0,0,0,0,0,0,0,0,0,0,0,0,0,0,0,0,0,0,0,0,0,0,0,0,0,0,0,0,0,0,0,0,0,0,0,0,0,,Heat Calculations,,29,,熱量計算,,,,Dampfverbrauch ,,,,Consommation vapeur,,29,,蒸汽损耗,,,,蒸汽損耗,,,,증기소비량의 계산,,,,Consumo de Vapor,Consumo de Vapor,,,Тепловые расчеты,,,,Cálculos de aquecimento,,,,Isı Hesaplamaları,,,,Obliczenia cieplne,,,,Calcoli calorifici,,,,Consumo de vapor,,,,Warmteberekeningen,,,,การคำนวณความร้อน,,,
STM,4,11330,,2,1,,,,,,,,,,,,,,0,0,0,0,0,0,0,0,0,0,0,5,0,0,0,0,0,0,0,0,0,0,0,0,0,0,0,0,0,0,0,0,0,0,0,0,0,0,0,0,0,0,0,0,0,0,0,0,0,0,0,0,0,0,0,0,0,0,0,0,0,0,0,0,0,0,0,0,0,,Condensate Load From Heating Liquid (Continuous),Conds Ld- Heating Lqd (Conti),29,,液体加熱時のドレン発生量（連続）,,,,Kondensatanfall bei Flüssigkeitserwärmung (kontinuierlich),,,,Débit de condensât pour liquide en chauffe ( en continu ),,29,,液体加热（连续）时的冷凝水量,,,,液體加熱（連續）時的冷凝水量,,,,액체가열시의 응축수 발생량(연속),,,,Carga de Condesado debido al Calentamiento de un Liquido (Continuo),Carga de Cond. debido al Calentamiento de un Liquido (Cont.),,,Расход конденсата при нагреве жидкости (непрерывном),,,,Carga de condensado a partir do aquecimento do líquido (contínuo),,,,Isıtma Sıvısından Kondens Yükü (Sürekli),,,,Ilość kondensatu przy grzaniu cieczy (ciągłe),,,,Carico di condensa dal riscaldamento del liquido (Continuo),,,,Carga de condensado debido al calentamiento de un líquido (continuo),,,,Condensaatbelasting door vloeistofverwarming (continu),,,,ปริมาณการควบแน่นจากของเหลวร้อน (ต่อเนื่อง),,,
STM,4,11331,,2,1,,,,,,,,,,,,,,0,0,0,0,0,0,0,0,0,0,0,0,5,0,0,0,0,0,0,0,0,0,0,0,0,0,0,0,0,0,0,0,0,0,0,0,0,0,0,0,0,0,0,0,0,0,0,0,0,0,0,0,0,0,0,0,0,0,0,0,0,0,0,0,0,0,0,0,0,,Condensate Load From Heating Liquid (Batch),Conds Ld- Heating Lqd (Batch),29,,液体加熱時のドレン発生量（バッチ）,,,,Kondensatanfall bei Flüssigkeitserwärmung (Charge),,,,Débit de condensât pour liquide en chauffe ( en batch ),,29,,液体加热（批次）时的冷凝水量,,,,液體加熱（批次）時的冷凝水量,,,,액체가열시의 응축수 발생량(배치),,,,Carga de Condesado debido al Calentamiento de un Liquido (Batch),Carga de Cond. debido al Calentamiento de un Liquido (Batch),,,Расход конденсата при нагреве жидкости (частями),,,,Carga de condensado a partir do aquecimento do líquido (batelada),,,,Isıtma Sıvısından Kondens Yükü (Kesikli),,,,Ilość kondensatu przy grzaniu cieczy (okresowe),,,,Carico di condensa dal riscaldamento del liquido (bagno),,,,Carga de condensado debido al calentamiento de un líquido (lote),,,,Condensaatbelasting door vloeistofverwarming (batch),,,,ปริมาณการควบแน่นจากของเหลวร้อน (กลุ่ม),,,
STM,4,11310,,2,1,,,,,,,,,,,,,,0,0,0,0,0,0,0,0,0,5,0,0,0,0,0,0,0,0,0,0,0,0,0,0,0,0,0,0,0,0,0,0,0,0,0,0,0,0,0,0,0,0,0,0,0,0,0,0,0,0,0,0,0,0,0,0,0,0,0,0,0,0,0,0,0,0,0,0,0,,Condensate Load From Piping at Start-up,Initial Conds Load frm Piping,29,,蒸気配管の初期ドレン発生量,,,,Kondensatmenge beim Anfahren einer Leitung,,,,Débit de condensât au démarrage,,29,,管道中冷凝水初始流量,,,,管道中冷凝水初始流量,,,,증기배관의 초기응축수 발생량,,,,Carga Inicial de Condensado de la Tubería,Carga Inicial de Cond. de la Tubería,,,Расход конденсата на пусковом режиме,,,,Carga de condensado na tubulação no arranque,,,,Devreye Almada Boru Hattında Oluşan Kondens Yükü,,,,Ilość kondensatu z rurociągu podczas rozruchu,,,,Carico della condensa dalla tubazione allo start-up,,,,Carga inicial de condensado de la tubería,,,,Condensaatbelasting van leidingen bij opstarten,,,,ปริมาณการควบแน่นจากท่อที่จุดเริ่มต้น,,,
STM,4,11320,,2,1,,,,,,,,,,,,,,0,0,0,0,0,0,0,0,0,0,5,0,0,0,0,0,0,0,0,0,0,0,0,0,0,0,0,0,0,0,0,0,0,0,0,0,0,0,0,0,0,0,0,0,0,0,0,0,0,0,0,0,0,0,0,0,0,0,0,0,0,0,0,0,0,0,0,0,0,,Condensate Load From Radiant Heat Loss in Piping (saturated steam only),Radiation H Loss from Piping,29,,蒸気配管の放散熱量,,,,Wärmeverlust einer Dampfleitung,,,,Déperdition de chaleur par la tuyauterie,,29,,管道辐射散热,,,,管道輻射散熱,,,,증기배관의 방산열량,,,,Perdida de Calor de la Tubería por Radiación,Perdida de Calor de la Tubería por Radiación,,,Расход конденсата за счет теплопотерь с поверхности трубы (только для насыщенного пара),,,,Carga de condensado por perda de calor por radiação em tubulações (somente vapor saturado),,,,Boru Hattında Radyan Isı Kaybından Oluşan Kondens Yükü (Sadece Doymuş Buhar İçin),,,,Ilość kondensatu ze start cieplnych rurociągu (tylko para nasycona),,,,Carico della condensa dalla perdita di calore radiante nella tubazione (solo vapore saturo),,,,Pérdida de calor de la tubería por radiación,,,,Condensaatbelasting door stralingswarmteverlies in leidingen (alleen verzadigde stoom),,,,ปริมาณการควบแน่นจากการเสียความร้อนจากการแผ่รังสีในท่อ (ไอน้ำอิ่มตัวเท่านั้น),,,
STM,4,11340,,1,1,,,,,,,,,,,,,,0,0,0,0,0,0,0,0,0,0,0,0,0,5,0,0,0,0,0,0,0,0,0,0,0,0,0,0,0,0,0,0,0,0,0,0,0,0,0,0,0,0,0,0,0,0,0,0,0,0,0,0,0,0,0,0,0,0,0,0,0,0,0,0,0,0,0,0,0,,Condensate Load when Heating Air,Condensate Load - Heating Air,29,,空気加熱時のドレン発生量,,,,Kondensatanfall bei Lufterwärmung,,,,Débit de condensât pour le chauffage de l'air,,29,,空气加热时的冷凝水量,,,,空氣加熱時的冷凝水量,,,,에어가열시의 응축수 발생량,,,,Carga de Condensado debido al Calentamiento de Aire,Carga de Cond. debido al Calentamiento de Aire,,,Расход конденсата при нагреве воздуха,,,,Carga de condensado quando do aquecimento do ar,,,,Hava Isıtılırken Oluşan Kondens Yükü,,,,Ilość kondensaty przy grzaniu powietrza,,,,Carico di condensa quando l'aria è scaldata,,,,Carga de condensado debido al calentamiento de aire,,,,Condensaatbelasting bij lucht verwarmen,,,,ปริมาณการควบแน่นเมื่ออากาศร้อน,,,
STM,4,11350,,1,1,,,,,,,,,,,,,,0,0,0,0,0,0,0,0,0,0,0,0,0,0,5,0,0,0,0,0,0,0,0,0,0,0,0,0,0,0,0,0,0,0,0,0,0,0,0,0,0,0,0,0,0,0,0,0,0,0,0,0,0,0,0,0,0,0,0,0,0,0,0,0,0,0,0,0,0,,Stall Point (Liquid/Gas),,29,,ストールポイント計算（液体/気体）,,,,Rückstaupunkt (Flüssigkeiten/Gase),,,,Point de charge critique (liquide/gaz),,,,滞流点（液体/气体）,,,,滯流點（液體/氣體）,,,,스톨 포인트(액체/가스),,,,Punto Stall (Liquido/Gas),,,,Точка подтопления (жидкость/газ),,,,Ponto de stall (liquído/gás),,,,Stal(Birikmeye Başlama) Noktası (Sıvı/Gaz),,,,Punkt podciśnienia (Stall) (Cieczy/Gazu),,,,Punto di stallo (liquido),,,,Punto de bloqueo (líquido/gas),,,,Stagnatiepunt (vloeistof),,,,จุดหยุด (ของเหลว),,,
STM,5,11200,,2,2,,,,,,,,,,,,,,0,0,0,0,0,0,0,0,0,0,0,0,0,0,0,0,0,0,0,0,0,0,0,0,0,0,0,0,0,0,0,0,0,0,0,0,0,0,0,0,0,0,0,0,0,0,0,0,0,0,0,0,0,0,0,0,0,0,0,0,0,0,0,0,0,0,0,0,0,,Valve Flow Calculations (Steam),,29,,流量計算,,,,Kv-Wert-Berechnung,,,,"Valeur de CV, vanne et orifice",,29,,Cv值，阀门及孔板,,,,Cv值，閥門及孔板,,,,"Cv치 계산, 그 외",,,,"Valor CV, Válvula y Orificio","Valor CV, Valv. y Orificio",,,Расчеты клапанов (пар),,,,Cálculos de vazão da válvula (vapor),,,,Vana Akış Hesaplamaları (Buhar için),,,,Obliczenia przepływowe zaworów (Para wodna),,,,Calcoli del flusso della valvola (vapore),,,,"Valor de coeficiente de variación, válvula y orificio",,,,Klepstroomberekeningen (stoom),,,,การคำนวณการไหลของวาล์ว (ไอน้ำ),,,
STM,5,11220,,2,1,,,,,,,,,,,,,,0,0,0,0,0,0,0,5,0,0,0,0,0,0,0,0,0,0,0,0,0,0,0,0,0,0,0,0,0,0,0,0,0,0,0,0,0,0,0,0,0,0,0,0,0,0,0,0,0,0,0,0,0,0,0,0,0,0,0,0,0,0,0,0,0,0,0,0,0,,Valve and Orifice Cv & Kvs Values for Steam,Valve Cv Value,29,,蒸気のバルブのＣｖとＫｖｓ値計算,,,,Kv-Wert Ventil  / Dampf,,,,Cv de la vanne,,29,,阀门Cv值,,,,閥門Cv值,,,,밸브의 Cv치,,,,CV de la Válvula,CV de la Valv.,,,Значения Kvs & Cv клапана и отверствия шайбы для пара,,,,Valores do orifício Cv e Kvs de válvulas para vapor,,,,Buhar İçin Vana Ve Orifis Cv & Kvs Değerleri,,,,Współczynnik Cv&Kv zaworu i kryzy dla pary,,,,Valori di Cv & Kvs della valvola e dell'orifizio per vapore,,,,Cv de la válvula,,,,Klep en boring Cv & Kvs-waarden voor stoom,,,,ค่า Cv และ Kvs ของวาล์วและออริฟิซสำหรับไอน้ำ,,,
STM,5,11210,,2,1,,,,,,,,,,,,,,0,0,0,0,0,0,5,0,0,0,0,0,0,0,0,0,0,0,0,0,0,0,0,0,0,0,0,0,0,0,0,0,0,0,0,0,0,0,0,0,0,0,0,0,0,0,0,0,0,0,0,0,0,0,0,0,0,0,0,0,0,0,0,0,0,0,0,0,0,,Steam Flow Rate through a Valve,Steam Flow Rate through Valve,29,,バルブの蒸気流量,,,,Dampfdurchsatz / Ventil,,,,Débit de vapeur à travers la vanne,,29,,流经阀门时蒸汽流量,,,,流經閥門時蒸汽流量,,,,밸브의 증기유량,,,,Rango de Flujo de Vapor a través de la Válvula ,Rango de Flujo de Vapor a través de la Valv.,,,Расход пара через клапан,,,,Vazão de vapor através de uma válvula,,,,Vanadan Geçen Buhar Debisi,,,,Przepływ pary wodnej przez zawór,,,,Portata del vapore attraverso la valvola,,,,Flujo de vapor a través de la válvula ,,,,Stoomdebiet in een klep,,,,อัตราการไหลของไอน้ำผ่านวาล์ว,,,
STM,5,11230,,2,1,,,,,,,,,,,,,,0,0,0,0,0,0,0,0,5,0,0,0,0,0,0,0,0,0,0,0,0,0,0,0,0,0,0,0,0,0,0,0,0,0,0,0,0,0,0,0,0,0,0,0,0,0,0,0,0,0,0,0,0,0,0,0,0,0,0,0,0,0,0,0,0,0,0,0,0,,Steam Flow Rate through an Orifice,Steam Flow Rate thrgh Orifice,29,,オリフィスの蒸気流量,,,,Dampfdurchsatz / Blende,,,,Débit de vapeur à travers l'orifice,,29,,流经孔板时蒸汽流量,,,,流經孔板時蒸汽流量,,,,오리피스의 증기유량,,,,Rango de Flujo de Vapor por un Orificio,Rango de Flujo de Vapor por un Orificio,,,Расход пара через отверстие шайбы,,,,Vazão de vapor através de um orifício,,,,Orifisden Geçen Buhar Debisi,,,,Przepływ pary wodnej przez kryzę,,,,Portata del vapore attraverso un orifizio,,,,Flujo de vapor por un orificio,,,,Stoomdebiet in een boring,,,,อัตราการไหลของไอน้ำผ่านออริฟิซ,,,
STM,6,11400,,2,2,,,,,,,,,,,,,,0,0,0,0,0,0,0,0,0,0,0,0,0,0,0,0,0,0,0,0,0,0,0,0,0,0,0,0,0,0,0,0,0,0,0,0,0,0,0,0,0,0,0,0,0,0,0,0,0,0,0,0,0,0,0,0,0,0,0,0,0,0,0,0,0,0,0,0,0,,Other Steam Calculations,,29,,蒸気計算（その他）,,,,Andere Dampfberechnungen,,,,Autres calculs pour la vapeur ,,29,,其他蒸汽系统计算,,,,其他蒸汽系統計算,,,,증기관련 계산,,,,Otros Cálculos para Vapor,Otra Ingeniería,,,Другие паровые расчеты,,,,Outros cálculos de vapor,,,,Diğer Buhar Hesaplamaları,,,,Pozostałe obliczenia dla pary wodnej,,,,Altri calcoli del vapore,,,,Otros cálculos para vapor,,,,Andere stoomberekeningen,,,,การคำนวณไอน้ำอื่น ๆ,,,
STM,6,11410,,1,1,,,,,,,,,,,,,,0,0,0,0,0,0,0,0,0,0,0,0,0,0,0,0,5,0,0,0,0,0,0,0,0,0,0,0,0,0,0,0,0,0,0,0,0,0,0,0,0,0,0,0,0,0,0,0,0,0,0,0,0,0,0,0,0,0,0,0,0,0,0,0,0,0,0,0,0,,Boiler Efficiency,Boiler Efficiency,29,,ボイラ効率,,,,Kesselwirkungsgrad,,,,Rendement de la chaudière,,29,,锅炉效率,,,,鍋爐效率,,,,보일러 효율,,,,Eficiancia de la Caldera,Eficiancia de la Caldera,,,КПД котла,,,,Eficiência da caldeira,,,,Kazan Verimi,,,,Sprawność kotła,,,,Efficienza della caldaia,,,,Eficiencia de la caldera,,,,Boilerrendement,,,,ประสิทธิภาพหม้อต้ม,,,
STM,6,11420,,1,1,,,,,,,,,,,,,,0,0,0,0,0,0,0,0,0,0,0,0,0,0,0,0,0,5,0,0,0,0,0,0,0,0,0,0,0,0,0,0,0,0,0,0,0,0,0,0,0,0,0,0,0,0,0,0,0,0,0,0,0,0,0,0,0,0,0,0,0,0,0,0,0,0,0,0,0,,Energy Unit Cost,Energy Unit Cost,29,,熱量単価,,,,Energiekosten,,,,Coût unitaire d'énergie,,29,,单位能源成本,,,,單位能源成本,,,,열량단가,,,,Costo Unitario de la Energía,Costo Unitario de la Energía,,,Удельная стоимость энергии,,,,Custo unitário da energia,,,,Enerji Birim Maliyeti,,,,Koszt jednostki energii,,,,Costo unitario dell'energia,,,,Coste por unidad de la energía,,,,Kosten energie-eenheid,,,,ต้นทุนต่อหน่วยของพลังงาน,,,
STM,6,11430,,1,1,,,,,,,,,,,,,,0,0,0,0,0,0,0,0,0,0,0,0,0,0,0,0,0,0,5,0,0,0,0,0,0,0,0,0,0,0,0,0,0,0,0,0,0,0,0,0,0,0,0,0,0,0,0,0,0,0,0,0,0,0,0,0,0,0,0,0,0,0,0,0,0,0,0,0,0,,Steam Unit Cost,Steam Unit Cost,29,,蒸気単価,,,,Dampfkosten,,,,Coût unitaire de la vapeur,,29,,单位蒸汽成本,,,,單位蒸汽成本,,,,증기단가,,,,Costo Unitario del Vapor,Costo Unitario del Vapor,,,Удельная стоимость пара,,,,Custo unitário do vapor,,,,Buhar Birim Maliyeti,,,,Koszt jednostki pary,,,,Costo unitario del vapore,,,,Coste por unidad del vapor,,,,Kosten stoom-eenheid,,,,ต้นทุนต่อหน่วยของไอน้ำ,,,
STM,6,11440,,2,1,,,,,,,,,,,,,,0,0,0,0,0,0,0,0,0,0,0,0,0,0,0,0,0,0,0,5,0,0,0,0,0,0,0,0,0,0,0,0,0,0,0,0,0,0,0,0,0,0,0,0,0,0,0,0,0,0,0,0,0,0,0,0,0,0,0,0,0,0,0,0,0,0,0,0,0,,Improved Steam Dryness From Pressure Reduction,Imprv Stm Dryns - Press Rdctn,29,,蒸気の減圧による乾き度の改善,,,,Dampftrocknung durch Druckreduzierung,,,,Amélioration du titre vapeur par réduction de pression,,29,,通过减压提高蒸汽干燥度,,,,通過減壓提高蒸汽乾燥度,,,,증기의 감압에 따른 건도의 개선,,,,Mejora de la Sequedad del Vapor debido a la Reducción de Presión,Mejora de la Sequedad del Vapor debido a la Reducción de Presión,,,Улучшение сухости пара при редуцировании,,,,Melhora do título do vapor a partir da redução de pressão,,,,Basınç Düşümü Dolayısıyla Artmış Buhar Kuruluğu,,,,Zwiększenie suchości pary po redukcji ciśnienia,,,,Secchezza del vapore migliorata dalla riduzione di pressione,,,,Mejora de la sequedad del vapor debido a la reducción de presión,,,,Verbeterde stoomdroogte door drukreductie,,,,ปรับปรุงการแห้งของไอน้ำจากการลดความดัน,,,
STM,6,11450,,1,1,,,,,,,,,,,,,,0,0,0,0,0,0,0,0,0,0,0,0,0,0,0,0,0,0,0,0,5,0,0,0,0,0,0,0,0,0,0,0,0,0,0,0,0,0,0,0,0,0,0,0,0,0,0,0,0,0,0,0,0,0,0,0,0,0,0,0,0,0,0,0,0,0,0,0,0,,Improved Steam Dryness due to Steam Pressure Reduction and Condensate Separation,Imprv Stm Dry-P Redu&Cond Sep,29,,蒸気の減圧ドレン分離による乾き度の改善,蒸気減圧とドレン分離で乾き改善,,,Dampftrocknung durch Druckreduzierung und Kondensatabscheidung,,,,Amélioration du titre vapeur par réduction de pression et séparation du condensât,,29,,通过减压和汽水分离提高蒸汽干燥度,,,,通過減壓和汽水分離提高蒸汽乾燥度,,,,증기의 감압과 응축수 분리에 따른 건도의 개선,감압및 응축수분리로 건도의 개선,,,Mejora de la Sequedad del Vapor debido a la Reducción de Presión y Separación del Condensado,Mejora de la Sequedad del Vapor debido a la Reducción de Pres. y Separación del Cond.,,,Улучшение сухости пара при редуцировании и сепарации пара,,,,Melhora do título do vapor devido a redução de pressão do vapor e a separação do condensado,,,,Buhar Basınç Düşümü ve Kondens Ayrıştırması Dolayısıyla Artmış Buhar Kuruluğu,,,,Zwiększenie suchości pary po redukcji ciśnienia i separacji kondensatu,,,,Secchezza del vapore dovuta alla riduzione della pressione e alla separazione della condensa,,,,Mejora de la sequedad del vapor debido a la reducción de presión y la separación del condensado,,,,Verbeterde stoomdroogte als gevolg van stoomdrukreductie en condensaatafscheiding,,,,ปรับปรุงการแห้งของไอน้ำเนื่องจากการความดันไอน้ำและการแยกตัวในการควบแน่น,,,
STM,6,11460,,2,1,,,,,,,,,,,,,,0,0,0,0,0,0,0,0,0,0,0,0,0,0,0,0,0,0,0,0,0,5,0,0,0,0,0,0,0,0,0,0,0,0,0,0,0,0,0,0,0,0,0,0,0,0,0,0,0,0,0,0,0,0,0,0,0,0,0,0,0,0,0,0,0,0,0,0,0,,Temperature Drop Based on Air % of Total Volume,Air Mixed in Steam(Air % Vol),29,,蒸気への空気混入による温度降下,,,,Luftanteil im Dampf,,,,Mélange d'air dans la vapeur ( % d'air dans la volume total ),,29,,蒸汽混合空气（空气%）,,,,蒸汽混合空氣（空氣%）,,,,증기에의 에어혼입(에어체적비),,,,Mezcla de Aire en el Vapor (% del Volumen Total del Aire),Mezcla de Aire en el Vapor (% del Volumen Total del Aire),,,"Падение температуры, зависимое от % воздуха в полном объёме",,,,Queda de temperatura baseada na % de ar do volume total,,,,Toplam Hacimde Hava % Bağlı Olarak Sıcaklık Kaybı,,,,Spadek temperatury oparty na %udziale powietrza w objętości,,,,Caduta di pressionwe ,,,,Mezcla de aire en el vapor (% del volumen total del aire),,,,Temperatuurval gebaseerd op lucht % van totaal volume,,,,อุณหภูมิลดลงตามอากาศ % ของความจุทั้งหมด,,,
STM,6,11461,,2,1,,,,,,,,,,,,,,0,0,0,0,0,0,0,0,0,0,0,0,0,0,0,0,0,0,0,0,0,0,5,0,0,0,0,0,0,0,0,0,0,0,0,0,0,0,0,0,0,0,0,0,0,0,0,0,0,0,0,0,0,0,0,0,0,0,0,0,0,0,0,0,0,0,0,0,0,,Air % of Total Volume Based on Steam-Air Mixture Temperature,Air Mixed in Steam (Mix Temp),29,,温度から求める蒸気への空気混入比率,,,,Temperaturabfall in einem Dampf-/Luftgemisch,,,,Mélange d'air dans la vapeur           ( Température de mélange ),,29,,蒸汽混合空气（混合温度）,,,,蒸汽混合空氣（混合溫度）,,,,증기에의 에어혼입(혼합물 온도),,,,Mezcla de Aire en el Vapor (Mezcla de Temperaturas),Mezcla de Aire en el Vapor (Mezcla de Temperaturas),,,% воздуха в полном объёме в зависимости от температуры паровоздушной смеси,,,,% do ar do volume total com base na temperatura da mistura Vapor e ar,,,,Buhar-Hava Karışım Sıcaklığına Bağlı Olarak Toplam Hacimdeki Hava %,,,,% powietrza w całkowitej objętości oparty na temperaturze mieszaniny pary i powietrza,,,,% di aria sul volume totale basato sulla Temperatura Miscela Vapore-Aria,,,,Mezcla de aire en el vapor (mezcla de temperaturas),,,,Lucht % van totaal volume gebaseerd op temperatuur van stoom-luchtmengsel,,,,อากาศ % ของความจุทั้งหมดตามอุณหภูมิผสมระหว่างไอน้ำกับอากาศ,,,
STM,6,11470,,1,1,,,,,,,,,,,,,,0,0,0,0,0,0,0,0,0,0,0,0,0,0,0,0,0,0,0,0,0,0,0,5,0,0,0,0,0,0,0,0,0,0,0,0,0,0,0,0,0,0,0,0,0,0,0,0,0,0,0,0,0,0,0,0,0,0,0,0,0,0,0,0,0,0,0,0,0,,Economical Insulation Thickness,Econ Insulation Thickness,29,,経済的保温厚さ,,,,Wirtschaftliche Isolierstärke,,,,Epaisseur économique d'isolation        ( calorifugeage ),,29,,最经济的保温层厚度,,,,最經濟的保溫層厚度,,,,경제적인 보온의 두께,,,,Espesor de Aislamiento Económico,Esp. Aislamiento Eco.,,,Экономичная толщина теплоизолации,,,,Isolamento de espessura econômica,,,,Ekonomik Yalıtım Kalınlığı,,,,Ekonomiczna grubość izolacji,,,,Spessore di isolamento economico,,,,Espesor de aislamiento económico,,,,Economische isolatiedikte,,,,ความหนาของฉนวนทางเศรษฐกิจ,,,
STM,7,12000,,1,2,,,,,,,,,,,,,,0,0,0,0,0,0,0,0,0,0,0,0,0,0,0,0,0,0,0,0,0,0,0,0,0,0,0,0,0,0,0,0,0,0,0,0,0,0,0,0,0,0,0,0,0,0,0,0,0,0,0,0,0,0,0,0,0,0,0,0,0,0,0,0,0,0,0,0,0,,Condensate Recovery,,29,,ドレン回収,,,,Kondensatrückführung,,,,Récupération de condensât,,29,,冷凝水回收,,,,冷凝水回收,,,,응축수회수,,,,Recuperación de Condensado,Rec. Cond.,,,Возврат конденсата,,,,Recuperação de condensado,,,,Kondens Geri Kazanımı,,,,Powrót kondensatu,,,,Recupero condensa,,,,Recuperación de condensado,,,,Condensaat terugwinning,,,,การกลับคืนของการควบแน่น,,,
STM,7,12100,,0,2,,,,,,,,,,,,,,0,0,0,0,0,0,0,0,0,0,0,0,0,0,0,0,0,0,0,0,0,0,0,0,0,0,0,0,0,0,0,0,0,0,0,0,0,0,0,0,0,0,0,0,0,0,0,0,0,0,0,0,0,0,0,0,0,0,0,0,0,0,0,0,0,0,0,0,0,,Condensate Recovery,,29,,ドレン回収 ,,,,Kondensatrückführung,,,,Récupération de condensât,,29,,冷凝水回收,,,,冷凝水回收,,,,응축수회수,,,,Recuperación de Condensado,Rec. Cond.,,,Возврат конденсата,,,,Recuperação de condensado,,,,Kondens Geri Kazanımı,,,,Powrót kondensatu,,,,Recupero condensa,,,,Recuperación de condensado,,,,Condensaat terugwinning,,,,การกลับคืนของการควบแน่น,,,
STM,7,12110,,1,1,,,,,,,,,,,,,,0,0,0,0,0,0,0,0,0,0,0,0,0,0,0,0,0,0,0,0,0,0,0,0,0,0,0,5,0,0,0,0,0,0,0,0,0,0,0,0,0,0,0,0,0,0,0,0,0,0,0,0,0,0,0,0,0,0,0,0,0,0,0,0,0,0,0,0,0,,Condensate Recovery (Economic Analysis - Open System),Conds Recovery (Open Sys),29,,オープン方式によるドレン回収メリット,,,,Wirtschaftlichkeit einer offenen Kondensatrückführung,,,,Récupération de condensât ( analyse économique  - système ouvert ) ,,29,,冷凝水回收（经济分析-开式系统）,,,,冷凝水回收（經濟分析-開式系統）,,,,대기개방형 응축수회수의메리트,,,,Recuperación de Condensado (Análisis Económico - Sistema Abierto),Rec. Cond. (Sist. Abierto),,,Возврат конденсата (экономический анализ - открытая система),,,,Recuperação de condensado (analíse econômica - Sistema aberto),,,,Kondens Geri Kazanımı (Ekonomik Analiz - Açık Sistem),,,,Powrót kondensatu (Analiza ekonomiczna - układ otwarty),,,,Recupero condensa (Analisi economica - Sistema aperto),,,,Recuperación de condensado (análisis económico: sistema abierto),,,,Condensaatterugwinning (ecomische analyse - open systeem),,,,การกลับคืนของการควบแน่น (การวิเคราะห์ทางเศรษฐกิจ - ระบบเปิด),,,
STM,7,12120,,1,1,,,,,,,,,,,,,,0,0,0,0,0,0,0,0,0,0,0,0,0,0,0,0,0,0,0,0,0,0,0,0,0,0,0,0,5,0,0,0,0,0,0,0,0,0,0,0,0,0,0,0,0,0,0,0,0,0,0,0,0,0,0,0,0,0,0,0,0,0,0,0,0,0,0,0,0,,Condensate Recovery (Economic Analysis - Closed System),Conds Recovery (Closed Sys),29,,クローズド方式によるドレン回収メリット,,,,Wirtschaftlichkeit einer geschlossenen Kondensatrückführung,,,,Récupération de condensât ( analyse économique  - système fermé ) ,,29,,冷凝水回收（经济分析-闭式系统）,,,,冷凝水回收（經濟分析-閉式系統）,,,,클로우즈 응축수회수의 메리트,,,,Recuperación de Condensado (Análisis Económico - Sistema Cerrado),Rec. Cond. (Sist. Cerrado),,,Возврат конденсата (экономический анализ - закрытая система),,,,Recuperação de condensado (analíse econômica - Sistema fechado),,,,Kondens Geri Kazanımı (Ekonomik Analiz - Kapalı Sistem),,,,Powrót kondensatu (Analiza ekonomiczna - układ zamknięty),,,,Recupero condensa (Analisi economica - Sistema chiuso),,,,Recuperación de condensado (análisis económico: sistema cerrado),,,,Condensaatterugwinning (ecomische analyse - gesloten systeem),,,,การกลับคืนของการควบแน่น (การวิเคราะห์ทางเศรษฐกิจ - ระบบปิด),,,
STM,7,12130,,1,1,,,,,,,,,,,,,,0,0,0,0,0,0,0,0,0,0,0,0,0,0,0,0,0,0,0,0,0,0,0,0,0,0,0,0,0,5,0,0,0,0,0,0,0,0,0,0,0,0,0,0,0,0,0,0,0,0,0,0,0,0,0,0,0,0,0,0,0,0,0,0,0,0,0,0,0,,Condensate Recovery (Economic Analysis - Heat Exchanger),Conds Recovery (Heat Exchang),29,,熱交換方式によるドレン回収メリット,,,,Wirtschaftlichkeit einer Kondensatrückführung von einem Wärmeübertrager,,,,Récupération de condensât ( analyse économique  - échangeur de chaleur ),,29,,冷凝水回收（经济分析-换热器）,,,,冷凝水回收（經濟分析-換熱器）,,,,열교환 방식의 응축수회수 에 따른 메리트,,,,Recuperación de Condensado (Análisis Económico - Intercambiado de Calor),Rec. Cond. (Int. Calor),,,Возврат конденсата (экономический анализ - теплообменник),,,,Recuperação de condensado (analíse econômica - Troca de calor),,,,Kondens Geri Kazanımı (Ekonomik Analiz - Isı Eşanjörü),,,,Powrót kondensatu (Analiza ekonomiczna - wymiennik ciepła),,,,Recupero condensa (Analisi economica - Scambiatore di calore),,,,Recuperación de condensado (análisis económico: intercambiador de calor),,,,Condensaatterugwinning (ecomische analyse - warmtewisselaar),,,,การกลับคืนของการควบแน่น (การวิเคราะห์ทางเศรษฐกิจ - เครื่องแลกเปลี่ยนความร้อน),,,
STM,7,12140,,1,1,,,,,,,,,,,,,,0,0,0,0,0,0,0,0,0,0,0,0,0,0,0,0,0,0,0,0,0,0,0,0,0,0,0,0,0,0,5,0,0,0,0,0,0,0,0,0,0,0,0,0,0,0,0,0,0,0,0,0,0,0,0,0,0,0,0,0,0,0,0,0,0,0,0,0,0,,Condensate Recovery (Economic Analysis - Flash Steam),Conds Recovery (Flash Steam),29,,フラッシュ方式によるドレン回収メリット,,,,Wirtschaftlichkeit einer Kondensatrückführung von einem Kondensatentspanner,,,,Récupération de condensât ( analyse économique - vapeur de revaporisation ),,29,,冷凝水回收（经济分析-闪蒸汽）,,,,冷凝水回收（經濟分析-閃蒸汽）,,,,재증발 방식의 응축수회수에 따른 메리트,,,,Recuperación de Condensado (Análisis Económico - Vapor Flash),Rec. Cond. (Vap. Flash),,,Возврат конденсата (экономический анализ - пар вторичного вскипания),,,,Recuperação de condensado (analíse econômica - Vapor Flash),,,,Kondens Geri Kazanımı (Ekonomik Analiz - Flaş Buhar),,,,Powrót kondensatu (Analiza ekonomiczna - wymiennik ciepła),,,,Recupero condensa (Analisi economica - flash steam),,,,Recuperación de condensado (análisis económico: vapor flash),,,,Condensaatterugwinning (ecomische analyse - flashstoom),,,,การกลับคืนของการควบแน่น (การวิเคราะห์ทางเศรษฐกิจ - ไอน้ำแฟลช),,,
LQD,8,13000,,1,2,,,,,,,,,,,,,,0,0,0,0,0,0,0,0,0,0,0,0,0,0,0,0,0,0,0,0,0,0,0,0,0,0,0,0,0,0,0,0,0,0,0,0,0,0,0,0,0,0,0,0,0,0,0,0,0,0,0,0,0,0,0,0,0,0,0,0,0,0,0,0,0,0,0,0,0,,Water Calculations,,29,,水計算,,,,Wassertechnische Berechnungen,,,,Calculs pour l'eau ,,29,,水系统计算,,,,水系統計算,,,,물관련 계산,,,,Cálculos para Agua,Cálculos para Agua,,,Расчеты для воды,,,,Cálculos de água,,,,Su Hesaplamaları,,,,Obliczenia - Woda,,,,Calcoli d'acqua,,,,Cálculos para agua,,,,Waterberekeningen,,,,การคำนวณน้ำ,,,
LQD,8,13100,,0,2,,,,,,,,,,,,,,0,0,0,0,0,0,0,0,0,0,0,0,0,0,0,0,0,0,0,0,0,0,0,0,0,0,0,0,0,0,0,0,0,0,0,0,0,0,0,0,0,0,0,0,0,0,0,0,0,0,0,0,0,0,0,0,0,0,0,0,0,0,0,0,0,0,0,0,0,,Piping Design,,29,,配管設計,,,,Dimensionierung Rohrleitung,,,,Calcul de tuyauterie,,29,,管道设计,,,,管道設計,,,,배관설계,,,,Diseño de Tubería,Diseño Tub.,,,Расчет труб,,,,Projeto da tubulação,,,,Boru Hattı Dizaynı,,,,Obliczenia rurociągów,,,,Dimensionamento della tubazione,,,,Diseño de tubería,,,,Leidingontwerp,,,,การออกแบบท่อ,,,
LQD,8,13110,,2,1,,,,,,,,,,,,,,0,0,0,0,0,0,0,0,0,0,0,0,0,0,0,0,0,0,0,0,0,0,0,0,0,0,0,0,0,0,0,0,0,0,0,0,5,0,0,0,0,0,0,0,0,0,0,0,0,0,0,0,0,0,0,0,0,0,0,0,0,0,0,0,0,0,0,0,0,,Pipe Sizing by Pressure Loss for Water,Pipe Sizing by Pressure Loss,29,,水配管の圧力損失による配管呼径選定,液体の圧損による配管呼径選定,,,Rohrleitungsdimensionierung nach Druckverlust (Flüssigkeit),,,,Dimensionnement de tuyauterie basé sur la perte de charge,,29,,管道选型（基于压降）,,,,管道選型（基於壓降）,,,,액체배관의 압력손실에 따른 배관사이즈 선정,액체의 압력손실을 고려한 배관사이징,,,Dimensionamiento de Tubería por Caída de Presión,Dim. Tubería - Caída Pres.,,,Расчет трубы по потерям давления для воды,,,,Dimensionamento da tubulação de água pela perda de pressão,,,,Su İçin Basınç Kaybına Göre Boru Boyutlandırma,,,,Dobór rurociągu dla wody wg spadku ciśnienia,,,,Dimensionamento della tubazione per perdita di pressione per acqua,,,,Dimensionamiento de tubería por caída de presión,,,,Leidingdimensionering naar drukverlies voor water,,,,ขนาดท่อแบ่งตามการเสียความดันสำหรับน้ำ,,,
LQD,8,13120,,2,1,,,,,,,,,,,,,,0,0,0,0,0,0,0,0,0,0,0,0,0,0,0,0,0,0,0,0,0,0,0,0,0,0,0,0,0,0,0,0,0,0,0,0,0,5,0,0,0,0,0,0,0,0,0,0,0,0,0,0,0,0,0,0,0,0,0,0,0,0,0,0,0,0,0,0,0,,Pipe Sizing by Velocity for Water,Pipe Sizing by Velocity ,29,,水配管の水流速による配管呼径選定,液体の流速による配管呼径選定,,,Rohrleitungsdimensionierung nach Geschwindigkeit (Flüssigkeit),,,,Dimensionnement de tuyauterie basé sur la vitesse,,29,,管道选型（基于流速）,,,,管道選型（基於流速）,,,,액체배관의 유속에 따른 배관사이즈 선정,액체의 유속을 고려한 배관사이징,,,Dimensionamiento de Tubería por Velocidad,Dim. Tubería - Velocidad,,,Расчет трубы по скорости для воды,,,,Dimensionamento da tubulação de água pela velocidade,,,,Su için Hıza Göre Boru Boyutlandırma,,,,Dobór rurociągu dla wody wg prędkości przepływu,,,,Dimensionamento della tubazione con la velocità dell'acqua,,,,Dimensionamiento de tubería por velocidad,,,,Leidingdimensionering naar snelheid voor water,,,,ขนาดท่อแบ่งตามความเร็วสำหรับน้ำ,,,
LQD,8,13130,,2,1,,,,,,,,,,,,,,0,0,0,0,0,0,0,0,0,0,0,0,0,0,0,0,0,0,0,0,0,0,0,0,0,0,0,0,0,0,0,0,0,0,0,0,0,0,5,0,0,0,0,0,0,0,0,0,0,0,0,0,0,0,0,0,0,0,0,0,0,0,0,0,0,0,0,0,0,,Pressure Loss through Piping for Water,Pressure Loss,29,,水配管の圧力損失,,,,Druckverlust in einer Flüssigkeitsleitung,,,,Perte de charge,,29,,压损,,,,壓損,,,,액체배관의 압력손실,,,,Perdida de Presión,Perdida Pres.,,,Потери давления воды на трубе,,,,Perda de pressão da água através da tubulação,,,,Su İçin Boru Hattı Boyunca Oluşan Basınç Kaybı,,,,Spadek ciśnienia w rurociągu dla wody,,,,Perdita di pressione attraverso la tubazione per l'acqua,,,,Pérdida de presión,,,,Drukverlies in leidingen voor water,,,,การเสียความดันผ่านท่อสำหรับน้ำ,,,
LQD,8,13140,,2,1,,,,,,,,,,,,,,0,0,0,0,0,0,0,0,0,0,0,0,0,0,0,0,0,0,0,0,0,0,0,0,0,0,0,0,0,0,0,0,0,0,0,0,0,0,0,5,0,0,0,0,0,0,0,0,0,0,0,0,0,0,0,0,0,0,0,0,0,0,0,0,0,0,0,0,0,,Water Velocity through Piping,Liquid Velocity thrgh Piping,29,,水配管の流速,,,,Fliessgeschwindigkeit,,,,Vitesse du liquide dans la tuyauterie,,29,,管道中液体流速,,,,管道中液體流速,,,,액체배관의 유속,,,,Velocidad del Liquido a través de la Tubería,Vel. Liq. en Tubería,,,Скорость воды в трубе,,,,Velocidade da água através da tubulação,,,,Boru Hattı Boyunca Oluşan Su Hızı,,,,Prędkość przepływu wody w rurociągu,,,,Velocità dell'acqua attraverso la tubazione,,,,Velocidad del líquido a través de la tubería,,,,Watersnelheid in leidingen,,,,ความเร็วน้ำผ่านท่อ,,,
LQD,8,13150,,2,1,,,,,,,,,,,,,,0,0,0,0,0,0,0,0,0,0,0,0,0,0,0,0,0,0,0,0,0,0,0,0,0,0,0,0,0,0,0,0,0,0,0,0,0,0,0,0,5,0,0,0,0,0,0,0,0,0,0,0,0,0,0,0,0,0,0,0,0,0,0,0,0,0,0,0,0,,Water Flow Rate through Piping,Liquid Flow Rate thrgh Piping,29,,水配管の流量,,,,Flüssigkeitsdurchsatz,,,,Débit de liquide dans la tuyauterie,,29,,管道中液体流量,,,,管道中液體流量,,,,액체배관의 유량,,,,Rango de Flujo del Liquido a través de la Tubería,Rango Flujo Liq. en Tubería,,,Расход воды в трубопроводе,,,,Vazão da água através da tubulação,,,,Boru Hattı Boyunca Oluşan Su Debisi,,,,Przepływ wody w rurociągu,,,,Portata dell'acqua attraverso la tubazione,,,,Flujo del líquido a través de la tubería,,,,Waterdebiet in leidingen,,,,อัตราการไหลของน้ำผ่านท่อ,,,
LQD,8,13001,,0,2,,,,,,,,,,,,,,0,0,0,0,0,0,0,0,0,0,0,0,0,0,0,0,0,0,0,0,0,0,0,0,0,0,0,0,0,0,0,0,0,0,0,0,0,0,0,0,0,0,0,0,0,0,0,0,0,0,0,0,0,0,0,0,0,0,0,0,0,0,0,0,0,0,0,0,0,,Cv Value‚ Valve and Orifice,,29,,Cv値計算、その他,,,,Kv-Wert-Berechnung,,,,"Valeur de Cv, vanne et orifice",,29,,Cv值，阀门及孔板,,,,Cv值，閥門及孔板,,,,"Cv치 계산, 그 외",,,,"Valor del Cv, para Válvula  y Orificio)","Valor CV, Valv. y Orificio",,,"Kv, клапаны и отверстия шайбы",,,,"Valor do Cv, Válvula e orifício",,,,"Cv Değeri, Vana Ve Orifis",,,,"Wartość Cv, Zawór oraz kryza",,,,"Valore di Cv, valvola e orifizio",,,,"Valor del CV, para válvula y orificio",,,,"Cv-waarde, klep en boring",,,,"ค่า Cv, วาล์วและออริฟิซ",,,
LQD,8,13500,,2,1,,,,,,,,,,,,,,0,0,0,0,0,0,0,0,0,0,0,0,0,0,0,0,0,0,0,0,0,0,0,0,0,0,0,0,0,0,0,0,0,0,0,0,0,0,0,0,0,0,0,0,5,0,0,0,0,0,0,0,0,0,0,0,0,0,0,0,0,0,0,0,0,0,0,0,0,,Economical Insulation Thickness of Cold Water Piping,Insulation Thickness,29,,水配管の保冷厚さ,,,,Wirtschafliche Isolierstärke von Kühlwasserleitungen,,,,Épaisseur d'isolation de tuyauterie pour eau froide,,29,,冷水管道保温层经济厚度,,,,冷水管道保溫層經濟厚度,,,,물배관의 절연재 두께,,,,Espesor Económico del Aislamiento para Tubería de Agua Fría,Esp. Aislamiento,,,Экономичная толщина теплоизолации трубопровода холодной воды,,,,Espessura econômica do isolamento da tubulação de água fria,,,,Soğuk Su Boru Hatlarının Ekonomik Yalıtım Kalınlığı,,,,Ekonomiczna grubość izolacji dla rurociągów zimnej wody,,,,Spessore di isolamento economico per tubazioni di acqua fredda,,,,Espesor económico del aislamiento para tubería de agua fría,,,,Economische isolatiedikte van koudwaterleidingen,,,,ความหนาของฉนวนทางเศรษฐกิจของท่อน้ำเย็น,,,
LQD,8,13300,,2,1,,,,,,,,,,,,,,0,0,0,0,0,0,0,0,0,0,0,0,0,0,0,0,0,0,0,0,0,0,0,0,0,0,0,0,0,0,0,0,0,0,0,0,0,0,0,0,0,0,5,0,0,0,0,0,0,0,0,0,0,0,0,0,0,0,0,0,0,0,0,0,0,0,0,0,0,,Valve and Orifice Cv & Kvs Values for Water,Valve Cv Value,29,,水のバルブのＣｖとＫｖｓ値計算,,,,Kv-Wert Ventil / Flüssigkeit,,,,Valeur de Cv de vanne ,,29,,阀门Cv值,,,,閥門Cv值,,,,밸브의 Ｃｖ치,,,,Valor del Cv de la Válvula,Valor Cv de Válv.,,,Kvs & Cv клапанов для воды,,,,Valores do orifício Cv e Kvs de válvulas para água,,,,"Su İçin, Vana Ve Orifis Cv & Kvs Değerleri",,,,Wartość Cv & Kv zaworu oraz kryzy dla wody,,,,Valori di Cv & Kv per valvola e orifizio per acqua,,,,Valor de Cv de la válvula,,,,Klep en boring Cv & Kvs-waarden voor water,,,,ค่า Cv และ Kvs ของวาล์วและออริฟิซสำหรับน้ำ,,,
LQD,8,13200,,2,1,,,,,,,,,,,,,,0,0,0,0,0,0,0,0,0,0,0,0,0,0,0,0,0,0,0,0,0,0,0,0,0,0,0,0,0,0,0,0,0,0,0,0,0,0,0,0,0,5,0,0,0,0,0,0,0,0,0,0,0,0,0,0,0,0,0,0,0,0,0,0,0,0,0,0,0,,Water Flow Rate through a Valve,Liquid Flow Rate thrgh Valve,29,,バルブの水流量,,,,Flüssigkeitdurchsatz / Ventil,,,,Débit de liquide à travers la vanne,,29,,流经阀门时液体流量,,,,流經閥門時液體流量,,,,밸브의 액체유량,,,,Rango de Flujo del Liquido a través de una Válvula,Rango Flujo Liq. en Válv.,,,Расход воды через клапан,,,,Vazão da água através de uma válvula,,,,Vanadan Geçen Su Debisi,,,,Wielkość przepływu wody przez zawór,,,,Portata di acqua attraverso una valvola,,,,Flujo del líquido a través de una válvula,,,,Waterdebiet in een klep,,,,อัตราการไหลของน้ำผ่านวาล์ว,,,
LQD,8,13400,,2,1,,,,,,,,,,,,,,0,0,0,0,0,0,0,0,0,0,0,0,0,0,0,0,0,0,0,0,0,0,0,0,0,0,0,0,0,0,0,0,0,0,0,0,0,0,0,0,0,0,0,5,0,0,0,0,0,0,0,0,0,0,0,0,0,0,0,0,0,0,0,0,0,0,0,0,0,,Water Flow Rate through an Orifice,Liquid Flow Rate thrgh Orific,29,,オリフィスの水流量,,,,Flüssigkeitdurchsatz / Blende,,,,Débit de liquide à travers un orifice,,29,,流经孔板时液体流量,,,,流經孔板時液體流量,,,,오리피스의 액체유량,,,,Rango de Flujo del Liquido a través de un Orificio,Rango Flujo Liq. en Orificio,,,Расход воды через отверстие шайбы,,,,Vazão da água através de um orifício,,,,Orifisden Geçen Su Debisi,,,,Wielkość przepływu wody przez kryzę,,,,Portata di acqua attraverso una orifizio,,,,Flujo del líquido a través de un orificio,,,,Waterdebiet in een boring,,,,อัตราการไหลของน้ำผ่านออริฟิซ,,,
GAS,9,14000,,1,2,,,,,,,,,,,,,,0,0,0,0,0,0,0,0,0,0,0,0,0,0,0,0,0,0,0,0,0,0,0,0,0,0,0,0,0,0,0,0,0,0,0,0,0,0,0,0,0,0,0,0,0,0,0,0,0,0,0,0,0,0,0,0,0,0,0,0,0,0,0,0,0,0,0,0,0,,Air and Gas Calculations,,29,,空気・ガス計算,,,,Luft- und Gasberechnungen,,,,Calculs pour l'air et autres gaz ,,29,,空气及气体系统计算,,,,空氣及氣體系統計算,,,,에어와 가스 관련 계산,,,,Cálculos para Aire y Gas,Cálculos para Aire y Gas,,,Расчеты для газов и воздуха,,,,Cálculos para ar e gases,,,,Hava Ve Gaz Hesaplamaları,,,,Obliczenia dla powietrza i gazów,,,,Calcoli di aria e gas,,,,Cálculos para aire y gas,,,,Lucht- en gasberekeningen,,,,การคำนวณอากาศและแก๊ส,,,
GAS,9,14100,,0,2,,,,,,,,,,,,,,0,0,0,0,0,0,0,0,0,0,0,0,0,0,0,0,0,0,0,0,0,0,0,0,0,0,0,0,0,0,0,0,0,0,0,0,0,0,0,0,0,0,0,0,0,0,0,0,0,0,0,0,0,0,0,0,0,0,0,0,0,0,0,0,0,0,0,0,0,,Piping Design,,29,,配管設計,,,,Dimensionierung Rohrleitung,,,,Calcul de tuyauterie,,29,,管道设计,,,,管道設計,,,,배관설계,,,,Diseño de Tubería,Diseño Tub.,,,Расчет трубопроводов,,,,Projeto da tubulação,,,,Boru Hattı Dizaynı,,,,Projektowanie rurociągów,,,,Dimensionamento della tubazione,,,,Diseño de tubería,,,,Leidingontwerp,,,,การออกแบบท่อ,,,
GAS,9,14110,,2,1,,,,,,,,,,,,,,0,0,0,0,0,0,0,0,0,0,0,0,0,0,0,0,0,0,0,0,0,0,0,0,0,0,0,0,0,0,0,0,0,0,0,0,0,0,0,0,0,0,0,0,0,5,0,0,0,0,0,0,0,0,0,0,0,0,0,0,0,0,0,0,0,0,0,0,0,,Pipe Sizing by Pressure Loss for Air,Pipe Sizing by Pressure Loss,29,,空気配管の圧力損失による配管呼径選定,空気の圧損による配管呼径選定,,,Rohrleitungsdimensionierung nach Druckverlust (Luft),,,,Dimensionnement de tuyauterie basé sur la perte de charge,,29,,管道选型（基于压降）,,,,管道選型（基於壓降）,,,,에어배관의 압력손실에 따른 배관사이즈 선정,에어의 압력손실을 고려한 배관사이징,,,Dimensionamiento de Tubería por Pérdida de Presión,Dim. Tubería - Pérdida Pres.,,,Расчет трубы по потерям давления для воздуха,,,,Dimensionamento da tubulação de ar pela perda de pressão,,,,Hava İçin Basınç Kaybına Göre Boru Boyutlandırma,,,,Dobór rurociągu dla powietrza wg spadku ciśnienia,,,,Dimensionamento della tubazione per perdita di aria,,,,Dimensionamiento de tubería por pérdida de presión,,,,Leidingdimensionering naar drukverlies voor lucht,,,,ขนาดท่อแบ่งตามการเสียความดันสำหรับอากาศ,,,
GAS,9,14120,,2,1,,,,,,,,,,,,,,0,0,0,0,0,0,0,0,0,0,0,0,0,0,0,0,0,0,0,0,0,0,0,0,0,0,0,0,0,0,0,0,0,0,0,0,0,0,0,0,0,0,0,0,0,0,5,0,0,0,0,0,0,0,0,0,0,0,0,0,0,0,0,0,0,0,0,0,0,,Pipe Sizing by Velocity for Air,Pipe Sizing by Velocity,29,,空気配管の空気流速による配管呼径選定,空気の流速による配管呼径選定,,,Rohrleitungsdimensionierung nach Geschwindigkeit (Luft),,,,Dimensionnement de tuyauterie basé sur la vitesse ,,29,,管道选型（基于流速）,,,,管道選型（基於流速）,,,,에어배관의 유속에 따른 배관사이즈 선정,에어의 유속을 고려한 배관사이징,,,Dimensionamiento de Tubería por Velocidad,Dim. Tubería - Vel.,,,Расчет трубы по скорости для воздуха,,,,dimensionamento da tubulação pela velocidade do ar,,,,Hava İçin Hıza Göre Boru Boyutlandırma,,,,Dobór rurociągu dla powietrza wg prędkości przepływu,,,,Dimensionamento della tubazione per velocità dell'aria,,,,Dimensionamiento de tubería por velocidad,,,,Leidingdimensionering naar snelheid voor lucht,,,,ขนาดท่อแบ่งตามความเร็วสำหรับอากาศ,,,
GAS,9,14130,,2,1,,,,,,,,,,,,,,0,0,0,0,0,0,0,0,0,0,0,0,0,0,0,0,0,0,0,0,0,0,0,0,0,0,0,0,0,0,0,0,0,0,0,0,0,0,0,0,0,0,0,0,0,0,0,5,0,0,0,0,0,0,0,0,0,0,0,0,0,0,0,0,0,0,0,0,0,,Pressure Loss through Piping for Air,Pressure Loss (Air Line),29,,空気配管の圧力損失,,,,Druckverlust in einer Luftleitung,,,,Perte de charge ( ligne d'air ),,29,,压损（空气管道）,,,,壓損（空氣管道）,,,,에어배관의 압력손실,,,,Pérdida de Presión (Línea de Aire),Pérdida Pres. (Línea Aire),,,Потери давления воздуха на трубе,,,,Perda de pressão do ar através da tubulação,,,,Hava İçin Boru Hattı Boyunca Oluşan Basınç Kaybı,,,,Spadek ciśnienia w rurociągu dla powietrza,,,,Perdita di pressione attraverso la tubazione per aria,,,,Pérdida de presión (línea de aire),,,,Drukverlies in leidingen voor lucht,,,,การเสียความดันผ่านท่อสำหรับอากาศ,,,
GAS,9,14140,,2,1,,,,,,,,,,,,,,0,0,0,0,0,0,0,0,0,0,0,0,0,0,0,0,0,0,0,0,0,0,0,0,0,0,0,0,0,0,0,0,0,0,0,0,0,0,0,0,0,0,0,0,0,0,0,0,5,0,0,0,0,0,0,0,0,0,0,0,0,0,0,0,0,0,0,0,0,,Pressure Loss through Piping for Other Gas,Pressure Loss (Gas Line),29,,ガス配管の圧力損失,,,,Druckverlust in einer Gasleitung,,,,Perte de charge ( ligne de gaz ),,29,,压损（气体管道）,,,,壓損（氣體管道）,,,,가스배관의 압력손실,,,,Pérdida de Presión (Línea de Gas),Pérdida Pres. (Línea Gas),,,Потери давления других газов на трубе,,,,Perda de pressão para outros gases através da tubulação,,,,Diğer Gazlar İçin Boru Hattı Boyunca Oluşan Basınç Kaybı,,,,Spadek ciśnienia w rurociągu dla innych gazów,,,,Perdita di pressione attraverso la tubazione per altri gas,,,,Pérdida de presión (línea de gas),,,,Drukverlies in leidingen voor ander gas,,,,การเสียความดันผ่านท่อสำหรับแก๊สอื่น ๆ,,,
GAS,9,14150,,2,1,,,,,,,,,,,,,,0,0,0,0,0,0,0,0,0,0,0,0,0,0,0,0,0,0,0,0,0,0,0,0,0,0,0,0,0,0,0,0,0,0,0,0,0,0,0,0,0,0,0,0,0,0,0,0,0,5,0,0,0,0,0,0,0,0,0,0,0,0,0,0,0,0,0,0,0,,Air Velocity through Piping,Air Velocity through Piping,29,,空気配管の流速,,,,Luftgeschwindigkeit,,,,Vitesse de l'air dans la tuyauterie,,29,,管道中空气流速,,,,管道中空氣流速,,,,에어배관의 유속,,,,Velocidad del Aire a través de la Tubería,Vel. Aire en Tubería,,,Скорость воздуха в трубе,,,,Velocidade do ar através da tubulação,,,,Boru Hattı Boyunca Oluşan Hava Hızı,,,,Prędkość powietrza w rurociągu,,,,Velocità dell'aria attraverso la tubazione,,,,Velocidad del aire a través de la tubería,,,,Luchtsnelheid in leidingen,,,,ความเร็วอากาศผ่านท่อ,,,
GAS,9,14160,,2,1,,,,,,,,,,,,,,0,0,0,0,0,0,0,0,0,0,0,0,0,0,0,0,0,0,0,0,0,0,0,0,0,0,0,0,0,0,0,0,0,0,0,0,0,0,0,0,0,0,0,0,0,0,0,0,0,0,5,0,0,0,0,0,0,0,0,0,0,0,0,0,0,0,0,0,0,,Air Flow Rate through Piping,Air Flow Rate through Piping,29,,空気配管の流量,,,,Luftdurchsatz,,,,Débit de l'air dans la tuyauterie,,29,,管道中空气流量,,,,管道中空氣流量,,,,에어배관의 유량,,,,Rango de Flujo del Aire a través de la Tubería,Rango Flujo Aire en Tubería,,,Расход воздуха в трубе,,,,Vazão do ar através da tubulação,,,,Boru Hattı Boyunca Oluşan Hava Debisi,,,,Przepływ powietrza przez rurociąg,,,,Portata dell'aria attraverso la tubazione,,,,Flujo del aire a través de la tubería,,,,Luchtdebiet in leidingen,,,,อัตราการไหลของอากาศผ่านท่อ,,,
GAS,9,14001,,0,2,,,,,,,,,,,,,,0,0,0,0,0,0,0,0,0,0,0,0,0,0,0,0,0,0,0,0,0,0,0,0,0,0,0,0,0,0,0,0,0,0,0,0,0,0,0,0,0,0,0,0,0,0,0,0,0,0,0,0,0,0,0,0,0,0,0,0,0,0,0,0,0,0,0,0,0,,Cv Value‚ Valve and Orifice,,29,,Cv値計算、その他,,,,Kv-Wert-Berechnung,,,,"Valeur de Cv, vanne et orifice",,29,,Cv值，阀门及孔板,,,,Cv值，閥門及孔板,,,,"Cv치 계산, 그 외",,,,Valor de Cv de la Válvula y Orificio,Valor Cv - Valv. & Orif.,,,"Cv, клапаны, отверстия шайбы",,,,"Valor Cv, Válvula e orifício",,,,"Cv Değeri, Vana Ve Orifis",,,,"Wartość Cv , Zawór oraz kryza",,,,"Valore di Cv, valvola e orifizio",,,,Valor de Cv de la válvula y el orificio,,,,"Cv-waarde, klep en boring",,,,"ค่า Cv, วาล์วและออริฟิซ",,,
GAS,9,14200,,2,1,,,,,,,,,,,,,,0,0,0,0,0,0,0,0,0,0,0,0,0,0,0,0,0,0,0,0,0,0,0,0,0,0,0,0,0,0,0,0,0,0,0,0,0,0,0,0,0,0,0,0,0,0,0,0,0,0,0,5,0,0,0,0,0,0,0,0,0,0,0,0,0,0,0,0,0,,Air Flow Rate through a Valve,Air Flow Rate through Valve,29,,バルブの空気流量,,,,Druckluftdurchsatz / Ventil,,,,Débit d'air dans la vanne,,29,,流经阀门时空气流量,,,,流經閥門時空氣流量,,,,밸브의 에어유량,,,,Rango de Flujo del Aire a través de una Válvula,Rango Flujo Aire en Válvula,,,Расход воздуха через клапан,,,,Vazão do ar através de uma válvula,,,,Vana Boyunca Oluşan Hava Debisi,,,,Przepływ powietrza przez zawór,,,,Portata dell'aria attraverso una valvola,,,,Flujo del aire a través de una válvula,,,,Luchtdebiet in een klep,,,,อัตราการไหลของอากาศผ่านวาล์ว,,,
GAS,9,14300,,2,1,,,,,,,,,,,,,,0,0,0,0,0,0,0,0,0,0,0,0,0,0,0,0,0,0,0,0,0,0,0,0,0,0,0,0,0,0,0,0,0,0,0,0,0,0,0,0,0,0,0,0,0,0,0,0,0,0,0,0,5,0,0,0,0,0,0,0,0,0,0,0,0,0,0,0,0,,Valve and Orifice Cv & Kvs Values for Air,Valve Cv Value,29,,空気のバルブのＣｖとＫｖｓ値計算,,,,Kv-Wert Ventil / Luft,,,,Valeur de Cv de vanne ,,29,,阀门Cv值,,,,閥門Cv值,,,,밸브의 Ｃｖ치,,,,Valor del Cv de la Válvula,Valor Cv Válvula,,,Kvs & Cv клапанов для воздуха,,,,Valores do orifício Cv e Kvs de válvulas para ar,,,,"Hava İçin, Vana Ve Orifis Cv & Kvs Değerleri",,,,Wartość Cv & Kv zaworu oraz kryzy dla powietrza,,,,Valori di Cv & Kv per Valvola e orifizio per aria,,,,Valor de Cv de la válvula,,,,Klep en boring Cv & Kvs-waarden voor lucht,,,,ค่า Cv และ Kvs ของวาล์วและออริฟิซสำหรับอากาศ,,,
GAS,9,14400,,2,1,,,,,,,,,,,,,,0,0,0,0,0,0,0,0,0,0,0,0,0,0,0,0,0,0,0,0,0,0,0,0,0,0,0,0,0,0,0,0,0,0,0,0,0,0,0,0,0,0,0,0,0,0,0,0,0,0,0,0,0,5,0,0,0,0,0,0,0,0,0,0,0,0,0,0,0,,Air Flow Rate through an Orifice,Air Flow Rate through Orifice,29,,オリフィスの空気流量,,,,Luftdurchsatz / Blende,,,,Débit d'air dans un orifice,,29,,流经孔板时空气流量,,,,流經孔板時空氣流量,,,,오리피스의 에어유량,,,,Rango de Flujo del Aire a través de un Orificio,Rango Flujo Aire en Orificio,,,Расход воздуха через отверстие шайбы,,,,Vazão do ar através de um orifício,,,,Orifisden Geçen Hava Debisi,,,,Przepływ powietrza przez kryzę,,,,Portata dell'aria attraverso un orifizio,,,,Flujo del aire a través de un orificio,,,,Luchtdebiet in een boring,,,,อัตราการไหลของอากาศผ่านออริฟิซ,,,
GAS,9,14500,,2,1,,,,,,,,,,,,,,0,0,0,0,0,0,0,0,0,0,0,0,0,0,0,0,0,0,0,0,0,0,0,0,0,0,0,0,0,0,0,0,0,0,0,0,0,0,0,0,0,0,0,0,0,0,0,0,0,0,0,0,0,0,5,0,0,0,0,0,0,0,0,0,0,0,0,0,0,,Condensate Rate from Compressed Air,Compressed Air Conds Rate,29,,圧縮空気からのドレン発生量,,,,Kondensatanfall bei Abkühlung von Druckluft,,,,Débit de condensât issu d'air comprimé,,29,,压缩空气冷凝水流量,,,,壓縮空氣冷凝水流量,,,,압축에어에서의 응축수 발생량,,,,Rango de Condensado del Aire Comprimído,Rango Cond. Aire Comprimido,,,Расход конденсата сжатого воздуха,,,,Taxa de condensado do ar comprimido,,,,Basınçlı Havadan Kondens Oranı,,,,Ilość kondensatu ze sprężonego powietrza,,,,Grado di condensa dall'aria compressa,,,,Intervalo de condensado del aire comprimido,,,,Condensaatdebiet van perslucht,,,,อัตราการควบแน่นจากความกดอากาศ,,,
GAS,9,14600,,2,1,,,,,,,,,,,,,,0,0,0,0,0,0,0,0,0,0,0,0,0,0,0,0,0,0,0,0,0,0,0,0,0,0,0,0,0,0,0,0,0,0,0,0,0,0,0,0,0,0,0,0,0,0,0,0,0,0,0,0,0,0,0,5,0,0,0,0,0,0,0,0,0,0,0,0,0,,Saturated Humid Air Table,Saturated Humid Air Table,29,,飽和湿り空気表,,,,"Tabelle ""Gesättigte feuchte Luft""",,,,Table de l'air humide saturé,,29,,饱和湿空气表,,,,飽和濕空氣表,,,,포화습공기표,,,,Tabla del Aire Saturado Húmedo,Tabla Aire Sat. Húmedo,,,Таблица влажного воздуха,,,,Tabela da umidade saturada do ar,,,,Doymuş Nemli Hava Tablosu,,,,Tabela powietrza wilgotnego nasyconego,,,,Tavola dell'aria umida satura,,,,Tabla del aire saturado húmedo,,,,Tabel voor verzadigde vochtige lucht,,,,ตารางอากาศชื้นอิ่มตัว,,,
